price,bedroom,hsize,lsize,location_bin
320.0,2.0,36.0,72.0,Kedungkandang
600.0,3.0,70.0,64.0,other
459.0,3.0,65.0,60.0,other
227.0,2.0,62.0,43.0,other
250.0,2.0,50.0,84.0,other
130.0,1.0,21.0,50.0,Blimbing
,2.0,30.0,60.0,Sukun
155.0,1.0,21.0,50.0,other
161.0,2.0,30.0,60.0,Sukun
450.0,2.0,50.0,78.0,other
350.0,2.0,36.0,60.0,other
250.0,2.0,36.0,60.0,other
170.0,2.0,27.0,60.0,other
,3.0,60.0,60.0,other
479.0,2.0,47.0,72.0,other
375.0,2.0,50.0,72.0,other
399.0,2.0,36.0,62.0,other
431.0,2.0,38.0,38.0,other
350.0,2.0,48.0,72.0,Kedungkandang
350.0,3.0,65.0,70.0,other
200.0,2.0,36.0,72.0,other
400.0,3.0,60.0,72.0,other
650.0,3.0,60.0,77.0,other
594.0,2.0,42.0,69.0,Lowokwaru
615.0,2.0,55.0,55.0,other
235.0,2.0,30.0,90.0,other
200.0,2.0,36.0,60.0,other
200.0,2.0,36.0,66.0,Lowokwaru
155.0,2.0,30.0,60.0,Sukun
276.0,2.0,36.0,60.0,other
385.0,2.0,45.0,68.0,other
225.0,2.0,36.0,50.0,other
169.0,2.0,30.0,60.0,other
350.0,2.0,38.0,60.0,other
650.0,3.0,200.0,86.0,other
375.0,3.0,56.0,73.0,Blimbing
249.0,2.0,38.0,66.0,Kedungkandang
395.0,3.0,45.0,50.0,Lowokwaru
599.5,2.0,60.0,72.0,other
2775.0,4.0,200.0,200.0,Kedungkandang
500.0,2.0,40.0,72.0,Lowokwaru
1510.0,3.0,100.0,115.0,other
500.0,2.0,45.0,83.0,other
146.0,2.0,30.0,60.0,other
250.0,2.0,38.0,66.0,other
815.0,3.0,129.0,167.0,other
225.0,2.0,62.0,43.0,other
475.0,2.0,60.0,96.0,Kedungkandang
174.0,2.0,28.0,60.0,Sukun
298.0,2.0,49.0,67.0,Sukun
601.0,2.0,45.0,83.0,other
530.0,2.0,45.0,72.0,other
279.0,2.0,36.0,66.0,other
300.0,2.0,55.0,90.0,Lowokwaru
350.0,2.0,36.0,57.0,other
499.0,3.0,70.0,72.0,other
265.0,2.0,36.0,74.0,other
300.0,2.0,55.0,90.0,other
675.0,2.0,68.0,70.0,other
1200.0,4.0,210.0,85.0,Blimbing
473.0,2.0,40.0,67.0,Sukun
1900.0,4.0,188.0,188.0,other
535.0,2.0,96.0,103.0,other
150.0,2.0,25.0,60.0,other
415.0,2.0,45.0,98.0,other
252.0,2.0,36.0,72.0,other
1994.0,4.0,100.0,205.0,other
765.0,3.0,62.0,83.0,other
1200.0,5.0,288.0,144.0,other
465.0,3.0,70.0,56.0,other
2600.0,4.0,150.0,260.0,Lowokwaru
395.0,3.0,60.0,70.0,Kedungkandang
530.0,2.0,48.0,60.0,Lowokwaru
1129.0,6.0,82.0,60.0,other
660.5,2.0,50.0,118.0,other
351.0,2.0,36.0,60.0,Sukun
190.0,2.0,30.0,60.0,other
899.0,2.0,57.0,55.0,other
1300.0,2.0,65.0,115.0,Klojen
575.0,3.0,63.0,62.0,other
279.0,2.0,36.0,66.0,other
300.0,2.0,60.0,25.0,other
450.0,2.0,46.0,63.0,Sukun
459.0,3.0,65.0,60.0,other
304.0,2.0,33.0,64.0,other
217.0,2.0,30.0,72.0,other
550.0,2.0,70.0,70.0,Lowokwaru
1900.0,4.0,200.0,279.0,Lowokwaru
335.0,2.0,40.0,65.0,Sukun
369.0,2.0,50.0,60.0,Kedungkandang
,2.0,85.0,85.0,Lowokwaru
299.0,2.0,48.0,66.0,Sukun
344.0,2.0,50.0,60.0,other
325.0,2.0,36.0,70.0,other
550.0,2.0,45.0,80.0,Lowokwaru
530.0,2.0,48.0,60.0,Lowokwaru
425.0,2.0,45.0,72.0,other
335.0,2.0,40.0,65.0,Sukun
499.0,3.0,65.0,65.0,other
2900.0,5.0,155.0,163.0,Lowokwaru
992.0,3.0,75.0,92.0,Blimbing
,2.0,45.0,45.0,other
1300.0,6.0,208.0,208.0,other
650.0,4.0,160.0,86.0,other
1100.0,4.0,180.0,91.0,other
250.0,2.0,36.0,60.0,other
599.0,3.0,57.0,66.0,other
800.0,3.0,70.0,87.0,Sukun
,3.0,135.0,135.0,Blimbing
1400.0,3.0,144.0,119.0,Blimbing
375.0,2.0,50.0,78.0,other
1350.0,4.0,129.0,160.0,other
330.0,2.0,38.0,60.0,other
4800.0,4.0,275.0,240.0,Blimbing
683.0,3.0,60.0,69.0,Lowokwaru
780.0,2.0,58.0,81.0,Lowokwaru
675.0,3.0,60.0,84.0,Lowokwaru
2500.0,4.0,200.0,257.0,Lowokwaru
380.0,2.0,40.0,60.0,other
345.0,2.0,50.0,60.0,Kedungkandang
375.0,2.0,40.0,90.0,other
375.0,2.0,40.0,90.0,other
840.0,2.0,60.0,63.0,other
3400.0,4.0,250.0,318.0,other
3200.0,3.0,200.0,190.0,other
950.0,2.0,65.0,84.0,other
635.0,2.0,67.0,98.0,other
1300.0,3.0,100.0,120.0,Blimbing
330.0,2.0,40.0,40.0,other
850.0,2.0,70.0,90.0,Blimbing
2300.0,3.0,150.0,218.0,other
425.0,2.0,36.0,60.0,other
1000.0,5.0,90.0,87.0,other
2900.0,4.0,200.0,210.0,other
2400.0,3.0,96.0,126.0,Lowokwaru
1180.0,4.0,114.0,97.0,Blimbing
3800.0,4.0,250.0,313.0,Sukun
950.0,4.0,105.0,87.0,Sukun
3500.0,5.0,250.0,300.0,other
435.0,2.0,48.0,60.0,other
335.0,2.0,40.0,90.0,Kedungkandang
1100.0,4.0,180.0,91.0,other
780.0,2.0,58.0,81.0,other
1350.0,3.0,120.0,120.0,Blimbing
399.5,2.0,45.0,60.0,Kedungkandang
6000.0,6.0,601.0,401.0,Lowokwaru
3000.0,5.0,200.0,210.0,Lowokwaru
1300.0,4.0,120.0,145.0,Kedungkandang
910.0,2.0,80.0,143.0,Sukun
675.0,2.0,45.0,85.0,other
2350.0,4.0,203.0,128.0,other
130.0,3.0,60.0,60.0,Lowokwaru
1100.0,2.0,100.0,120.0,Sukun
975.0,2.0,50.0,90.0,Blimbing
295.0,2.0,30.0,66.0,other
1600.0,4.0,120.0,120.0,other
1600.0,2.0,178.0,178.0,other
900.0,3.0,103.0,70.0,Lowokwaru
2200.0,4.0,120.0,184.0,other
579.5,2.0,45.0,98.0,other
,2.0,85.0,85.0,other
650.0,2.0,70.0,72.0,other
228.0,2.0,44.0,52.0,other
3450.0,4.0,200.0,320.0,other
600.0,3.0,180.0,140.0,other
950.0,4.0,175.0,175.0,other
431.0,2.0,38.0,72.0,Lowokwaru
1700.0,4.0,150.0,220.0,Lowokwaru
425.0,2.0,54.0,72.0,Sukun
1550.0,4.0,145.0,103.0,Lowokwaru
1750.0,3.0,89.0,105.0,other
4900.0,5.0,200.0,300.0,other
1750.0,4.0,135.0,126.0,other
1600.0,3.0,165.0,171.0,Lowokwaru
2600.0,6.0,350.0,233.0,other
1700.0,6.0,265.0,126.0,other
750.0,2.0,60.0,182.0,Sukun
399.0,3.0,57.0,75.0,Kedungkandang
2500.0,5.0,186.0,180.0,other
3500.0,4.0,124.0,322.0,other
1700.0,4.0,150.0,190.0,other
2500.0,6.0,260.0,162.0,other
1700.0,5.0,170.0,216.0,other
750.0,3.0,100.0,140.0,Sukun
650.0,2.0,48.0,200.0,other
2700.0,4.0,172.0,157.0,other
1600.0,3.0,180.0,187.0,other
400.0,3.0,65.0,60.0,other
920.0,3.0,75.0,84.0,Lowokwaru
2500.0,6.0,288.0,177.0,other
2200.0,5.0,200.0,315.0,Lowokwaru
1650.0,3.0,80.0,172.0,other
656.0,3.0,70.0,91.0,other
3600.0,5.0,300.0,262.0,other
2580.0,4.0,260.0,157.0,other
385.0,2.0,45.0,70.0,other
2400.0,2.0,245.0,139.0,Lowokwaru
2500.0,6.0,200.0,277.0,other
1100.0,2.0,100.0,120.0,Lowokwaru
525.0,2.0,45.0,92.0,other
1255.0,5.0,240.0,123.0,Lowokwaru
759.0,2.0,99.0,88.0,other
468.0,2.0,45.0,70.0,Lowokwaru
1900.0,6.0,250.0,365.0,Lowokwaru
2250.0,6.0,200.0,212.0,other
2500.0,3.0,179.0,160.0,other
450.0,2.0,80.0,65.0,other
300.0,2.0,40.0,84.0,Kedungkandang
3950.0,5.0,300.0,356.0,other
700.0,3.0,70.0,71.0,Blimbing
499.0,2.0,45.0,72.0,Lowokwaru
1500.0,4.0,90.0,121.0,other
3900.0,4.0,250.0,300.0,other
3500.0,5.0,400.0,300.0,other
1650.0,3.0,51.0,126.0,other
520.0,2.0,60.0,105.0,Lowokwaru
2750.0,3.0,240.0,244.0,other
2700.0,6.0,180.0,196.0,other
1775.0,4.0,150.0,108.0,other
2300.0,3.0,100.0,126.0,other
3450.0,3.0,250.0,340.0,other
514.0,3.0,54.0,72.0,Lowokwaru
1250.0,4.0,150.0,153.0,other
231.0,2.0,30.0,73.0,other
2600.0,4.0,260.0,157.0,Blimbing
700.0,2.0,60.0,135.0,other
2500.0,3.0,226.0,165.0,other
595.0,2.0,150.0,84.0,other
950.0,2.0,57.0,95.0,other
3550.0,4.0,200.0,253.0,Sukun
250.0,2.0,30.0,73.0,other
1700.0,5.0,370.0,370.0,other
7500.0,5.0,600.0,539.0,other
850.0,2.0,70.0,90.0,other
2500.0,4.0,200.0,316.0,other
404.0,2.0,48.0,75.0,Lowokwaru
2700.0,5.0,350.0,180.0,Lowokwaru
1250.0,2.0,80.0,107.0,other
1550.0,2.0,62.0,98.0,other
360.0,2.0,45.0,85.0,other
,,,,
1650.0,3.0,51.0,126.0,other
1800.0,4.0,150.0,160.0,Lowokwaru
5000.0,4.0,280.0,266.0,other
1650.0,5.0,171.0,197.0,other
2300.0,4.0,240.0,218.0,other
750.0,3.0,100.0,107.0,other
2650.0,4.0,160.0,219.0,other
1100.0,3.0,60.0,60.0,other
1675.0,6.0,270.0,135.0,other
2550.0,6.0,245.0,380.0,other
1650.0,4.0,166.0,144.0,other
1650.0,6.0,280.0,210.0,other
1550.0,5.0,250.0,174.0,Blimbing
3550.0,4.0,170.0,356.0,Blimbing
2800.0,3.0,230.0,280.0,other
499.0,2.0,50.0,60.0,other
2500.0,4.0,250.0,300.0,Lowokwaru
950.0,3.0,70.0,91.0,Lowokwaru
2500.0,5.0,300.0,239.0,Blimbing
1750.0,4.0,350.0,180.0,other
2700.0,6.0,250.0,300.0,Kedungkandang
1350.0,4.0,129.0,200.0,Blimbing
1650.0,5.0,170.0,193.0,other
2700.0,4.0,140.0,135.0,Blimbing
2300.0,5.0,160.0,120.0,other
2500.0,4.0,174.0,140.0,Kedungkandang
2450.0,6.0,200.0,126.0,other
1550.0,3.0,60.0,144.0,other
2695.51,3.0,160.0,179.0,Sukun
499.0,3.0,65.0,60.0,other
1695.0,4.0,170.0,240.0,other
1700.0,5.0,300.0,260.0,other
2450.0,4.0,240.0,126.0,other
3900.0,5.0,300.0,251.0,Lowokwaru
2500.0,3.0,120.0,138.0,other
750.0,3.0,80.0,105.0,other
690.0,3.0,65.0,93.0,Blimbing
800.0,2.0,316.0,316.0,other
575.0,3.0,140.0,86.0,Kedungkandang
1500.0,6.0,280.0,314.0,other
3700.0,5.0,630.0,230.0,other
1695.0,4.0,150.0,200.0,other
2500.0,4.0,150.0,200.0,other
2250.0,3.0,120.0,250.0,other
185.0,2.0,36.0,72.0,other
800.0,4.0,200.0,100.0,other
2400.0,3.0,167.0,240.0,other
2450.0,3.0,300.0,200.0,other
450.0,2.0,40.0,75.0,Lowokwaru
1600.0,3.0,133.0,205.0,other
277.000765,2.0,30.0,65.0,other
1650.0,4.0,254.0,247.0,other
2250.0,5.0,220.0,181.0,other
2674.0,3.0,172.0,200.0,other
525.0,2.0,38.0,72.0,Lowokwaru
1250.0,2.0,45.0,131.0,other
450.0,2.0,50.0,60.0,other
331.0,2.0,36.0,72.0,Lowokwaru
2600.0,3.0,260.0,200.0,Blimbing
750.0,3.0,63.0,97.0,Blimbing
1800.0,5.0,250.0,180.0,Lowokwaru
1700.0,3.0,189.0,197.0,Blimbing
3500.0,6.0,275.0,240.0,Blimbing
495.0,2.0,45.0,96.0,other
3300.0,5.0,600.0,300.0,other
1700.0,4.0,180.0,286.0,Lowokwaru
550.0,3.0,80.0,65.0,Lowokwaru
930.0,3.0,150.0,84.0,Lowokwaru
1500.0,3.0,100.0,165.0,Blimbing
1300.0,3.0,140.0,172.0,Blimbing
450.0,2.0,40.0,75.0,Lowokwaru
1785.0,5.0,240.0,291.0,other
899.0,3.0,150.0,80.0,Blimbing
6000.0,5.0,211.0,342.0,Blimbing
800.0,3.0,50.0,93.0,other
4000.0,6.0,250.0,553.0,other
1700.0,3.0,160.0,160.0,Lowokwaru
1650.0,3.0,95.0,177.0,Blimbing
1200.0,5.0,130.0,90.0,Sukun
1250.0,5.0,180.0,138.0,other
1250.0,2.0,45.0,131.0,other
325.0,2.0,80.0,80.0,other
680.0,2.0,42.0,105.0,Blimbing
1750.0,4.0,124.0,180.0,other
2500.0,5.0,360.0,314.0,other
700.0,2.0,65.0,120.0,Lowokwaru
1425.0,3.0,92.0,138.0,other
6000.0,4.0,450.0,370.0,Blimbing
1770.0,3.0,150.0,190.0,Sukun
650.0,3.0,90.0,114.0,other
1300.0,4.0,175.0,84.0,other
900.0,2.0,60.0,77.0,other
1700.0,3.0,140.0,108.0,other
2900.0,5.0,220.0,265.0,Sukun
1500.0,3.0,120.0,132.0,other
5750.0,6.0,660.0,460.0,other
2450.0,3.0,225.0,154.0,other
1700.0,5.0,90.0,112.0,Lowokwaru
1350.0,2.0,172.0,92.0,Sukun
2750.0,3.0,230.0,162.0,other
6500.0,5.0,600.0,417.0,other
900.0,4.0,170.0,108.0,other
2300.0,4.0,275.0,216.0,other
650.0,2.0,141.0,86.0,other
2000.0,5.0,180.0,197.0,Klojen
2550.0,6.0,385.0,245.0,Lowokwaru
5500.0,4.0,300.0,601.0,other
1900.0,3.0,150.0,189.0,other
2400.0,3.0,110.0,135.0,other
530.0,2.0,40.0,73.0,other
1250.0,3.0,96.0,150.0,other
919.0,3.0,72.0,84.0,other
950.0,3.0,140.0,70.0,Klojen
2250.0,3.0,100.0,144.0,other
2100.0,3.0,190.0,190.0,other
375.0,2.0,56.0,72.0,other
1200.0,2.0,1.0,142.0,other
2650.0,4.0,250.0,221.0,Lowokwaru
525.0,3.0,100.0,89.0,Blimbing
460.0,3.0,54.0,78.0,other
641.0,3.0,65.0,71.0,Blimbing
800.0,3.0,72.0,82.0,other
2300.0,3.0,150.0,174.0,Lowokwaru
1700.0,5.0,210.0,120.0,Blimbing
930.0,3.0,80.0,111.0,other
2500.0,6.0,198.0,234.0,other
3350.0,3.0,200.0,404.0,other
530.0,2.0,40.0,73.0,other
625.0,3.0,69.0,60.0,other
975.0,3.0,95.0,102.0,other
1400.0,4.0,200.0,252.0,Lowokwaru
3418.0,4.0,167.0,241.0,other
2700.0,2.0,150.0,344.0,Lowokwaru
279.0,2.0,38.0,66.0,other
465.0,3.0,63.0,72.0,Lowokwaru
265.0,2.0,36.0,60.0,Lowokwaru
3350.0,3.0,226.0,200.0,other
1500.0,3.0,180.0,152.0,other
499.0,2.0,38.0,63.0,other
8000.0,4.0,400.0,450.0,other
2400.0,3.0,170.0,201.0,other
2750.0,4.0,200.0,360.0,Lowokwaru
1250.0,5.0,210.0,175.0,Sukun
850.0,2.0,79.0,134.0,other
600.0,2.0,125.0,125.0,other
3200.0,5.0,350.0,266.0,Lowokwaru
850.0,5.0,100.0,164.0,other
1200.0,2.0,80.0,117.0,Klojen
1250.0,3.0,60.0,137.0,Blimbing
475.0,2.0,40.0,60.0,Blimbing
850.0,3.0,65.0,108.0,other
5600.0,4.0,330.0,330.0,Lowokwaru
1500.0,5.0,250.0,186.0,Sukun
452.0,2.0,50.0,61.0,other
4825.0,4.0,350.0,386.0,Lowokwaru
3500.0,5.0,200.0,244.0,Lowokwaru
2750.0,3.0,220.0,320.0,Lowokwaru
2500.0,4.0,275.0,216.0,Blimbing
1600.0,3.0,193.0,193.0,Lowokwaru
450.0,2.0,120.0,60.0,Lowokwaru
1300.0,4.0,152.0,152.0,other
1800.0,6.0,260.0,177.0,Sukun
675.0,3.0,60.0,81.0,other
950.0,3.0,70.0,80.0,Blimbing
585.0,2.0,50.0,84.0,Blimbing
2250.0,3.0,155.0,240.0,Blimbing
900.0,2.0,98.0,90.0,other
1500.0,3.0,178.0,178.0,Lowokwaru
2800.0,3.0,170.0,250.0,Blimbing
1800.0,5.0,195.0,200.0,Klojen
2890.0,5.0,395.0,434.0,other
511.0,2.0,55.0,71.0,other
1450.0,5.0,140.0,125.0,Blimbing
635.0,2.0,45.0,98.0,Blimbing
550.0,3.0,85.0,85.0,other
1600.0,5.0,250.0,171.0,Blimbing
1350.0,4.0,200.0,200.0,other
675.0,6.0,130.0,68.0,Lowokwaru
1750.0,3.0,198.0,234.0,Lowokwaru
975.0,3.0,76.0,97.0,Lowokwaru
2500.0,2.0,100.0,200.0,other
1400.0,3.0,110.0,125.0,Lowokwaru
700.0,3.0,70.0,71.0,Blimbing
650.0,3.0,72.0,90.0,Sukun
675.0,3.0,110.0,84.0,other
1250.0,3.0,135.0,135.0,Lowokwaru
1500.0,3.0,100.0,375.0,Sukun
1700.0,2.0,120.0,100.0,other
450.0,2.0,38.0,89.0,other
2750.0,2.0,120.0,144.0,other
575.0,2.0,91.0,91.0,other
850.0,2.0,45.0,84.0,Sukun
3400.0,4.0,400.0,350.0,Lowokwaru
650.0,3.0,196.0,196.0,other
2550.0,5.0,250.0,240.0,Lowokwaru
325.0,2.0,36.0,60.0,other
1700.0,3.0,200.0,100.0,Klojen
1800.0,4.0,180.0,110.0,Lowokwaru
650.0,3.0,96.0,96.0,Lowokwaru
1300.0,5.0,120.0,152.0,Lowokwaru
700.0,2.0,55.0,103.0,other
687.344,2.0,36.0,91.0,Blimbing
4300.0,5.0,375.0,312.0,other
700.0,2.0,70.0,91.0,Blimbing
2600.0,3.0,180.0,200.0,other
225.0,2.0,36.0,74.0,other
453.6675,2.0,55.0,55.0,Sukun
1550.0,4.0,145.0,180.0,Lowokwaru
1700.0,3.0,145.0,126.0,Blimbing
1400.0,3.0,86.0,86.0,Blimbing
1400.0,4.0,136.0,137.0,other
277.000011,2.0,30.0,64.0,Sukun
1100.0,3.0,159.0,126.0,Lowokwaru
7500.0,6.0,700.0,600.0,Blimbing
550.0,2.0,60.0,112.0,Blimbing
975.0,3.0,130.0,140.0,Lowokwaru
900.0,4.0,68.0,121.0,Lowokwaru
465.0,2.0,57.0,55.0,other
2500.0,5.0,299.0,263.0,Lowokwaru
700.0,3.0,200.0,239.0,other
875.0,3.0,72.0,81.0,Blimbing
550.0,4.0,100.0,126.0,other
1150.0,2.0,60.0,91.0,other
1900.0,3.0,110.0,200.0,other
2250.0,3.0,400.0,200.0,Lowokwaru
550.0,2.0,100.0,140.0,Blimbing
1700.0,5.0,105.0,117.0,Lowokwaru
900.0,3.0,100.0,91.0,Kedungkandang
585.0,2.0,70.0,78.0,Lowokwaru
299.0,2.0,36.0,72.0,other
335.0,2.0,31.0,60.0,Lowokwaru
599.0,3.0,65.0,72.0,other
650.0,2.0,40.0,72.0,other
350.0,2.0,40.0,40.0,other
6000.0,6.0,250.0,481.0,Lowokwaru
1500.0,5.0,225.0,250.0,other
1700.0,5.0,160.0,132.0,Blimbing
499.0,3.0,60.0,72.0,other
1470.0,3.0,170.0,198.0,Blimbing
900.0,3.0,90.0,117.0,Blimbing
538.0,2.0,50.0,80.0,other
1000.0,2.0,100.0,140.0,other
525.0,3.0,60.0,105.0,Lowokwaru
295.0,2.0,40.0,69.0,Kedungkandang
399.0,2.0,36.0,72.0,other
1700.0,2.0,181.0,200.0,other
2700.0,3.0,140.0,135.0,Lowokwaru
1450.0,4.0,90.0,121.0,Lowokwaru
1600.0,5.0,111.0,180.0,Sukun
700.0,3.0,200.0,110.0,other
1700.0,5.0,320.0,274.0,Blimbing
450.0,2.0,60.0,89.0,Lowokwaru
2800.0,5.0,290.0,200.0,Blimbing
670.0,2.0,55.0,60.0,Blimbing
1700.0,3.0,86.0,96.0,other
465.0,2.0,56.0,72.0,other
850.0,3.0,70.0,60.0,Lowokwaru
1000.0,2.0,60.0,58.0,Blimbing
1400.0,3.0,70.0,126.0,Lowokwaru
725.0,3.0,65.0,96.0,Lowokwaru
2500.0,5.0,275.0,225.0,other
1500.0,5.0,130.0,152.0,Sukun
650.0,3.0,70.0,105.0,Lowokwaru
3650.0,4.0,600.0,380.0,other
671.0,3.0,57.0,66.0,other
1700.0,2.0,80.0,112.0,Blimbing
550.0,2.0,60.0,112.0,Blimbing
3500.0,2.0,150.0,454.0,Lowokwaru
4700.0,3.0,300.0,343.0,Sukun
678.0,2.0,60.0,70.0,Sukun
825.0,3.0,100.0,91.0,Klojen
298.0,2.0,30.0,60.0,Sukun
2500.0,3.0,170.0,225.0,Blimbing
525.0,2.0,54.0,86.0,Blimbing
667.0,3.0,90.0,90.0,Sukun
335.8,2.0,50.0,80.0,other
1250.0,3.0,71.0,101.0,other
1500.0,3.0,180.0,210.0,Lowokwaru
850.0,3.0,96.0,175.0,other
700.0,3.0,80.0,97.0,Klojen
680.0,2.0,46.0,81.0,Blimbing
685.0,3.0,100.0,89.0,other
624.666,2.0,54.0,80.0,other
2500.0,3.0,108.0,264.0,Sukun
700.0,3.0,100.0,60.0,Lowokwaru
6000.0,5.0,300.0,390.0,Lowokwaru
621.0,3.0,62.0,80.0,other
1450.0,4.0,140.0,110.0,Blimbing
4900.0,4.0,200.0,300.0,Sukun
3500.0,3.0,300.0,351.0,Sukun
2300.0,4.0,300.0,280.0,Blimbing
675.0,3.0,75.0,84.0,other
775.0,3.0,187.0,187.0,other
1650.0,3.0,150.0,160.0,other
300.0,2.0,60.0,60.0,other
1250.0,3.0,82.0,135.0,Sukun
250.0,2.0,30.0,72.0,other
2800.0,4.0,290.0,200.0,Blimbing
800.0,3.0,70.0,105.0,Kedungkandang
1200.0,2.0,75.0,98.0,Sukun
750.0,4.0,90.0,72.0,Kedungkandang
600.0,4.0,232.0,232.0,other
1750.0,5.0,150.0,98.0,Kedungkandang
600.0,2.0,90.0,84.0,Lowokwaru
510.0,2.0,80.0,80.0,other
700.0,3.0,100.0,60.0,Lowokwaru
5000.0,5.0,300.0,378.0,other
2411.0,3.0,144.0,187.0,Sukun
1200.0,5.0,150.0,144.0,Sukun
169.0,2.0,30.0,60.0,other
650.0,2.0,80.0,101.0,other
4000.0,6.0,360.0,220.0,Lowokwaru
595.0,2.0,150.0,84.0,other
3000.0,4.0,190.0,216.0,Sukun
1450.0,4.0,90.0,121.0,Lowokwaru
1700.0,5.0,230.0,240.0,other
3800.0,6.0,350.0,328.0,other
6180.0,5.0,400.0,518.0,Blimbing
345.0,2.0,75.0,75.0,other
725.0,2.0,80.0,135.0,Blimbing
2600.0,3.0,350.0,200.0,other
1400.0,5.0,170.0,240.0,other
635.0,2.0,55.0,83.0,other
525.0,2.0,45.0,113.0,Sukun
376.6,2.0,40.0,69.0,other
1950.0,3.0,140.0,185.0,Sukun
565.0,3.0,100.0,84.0,other
1500.0,3.0,185.0,148.0,Sukun
1540.0,3.0,90.0,100.0,Lowokwaru
395.0,2.0,65.0,72.0,other
530.0,2.0,45.0,105.0,other
641.0,3.0,65.0,71.0,Blimbing
1800.0,5.0,286.0,264.0,other
700.0,3.0,54.0,90.0,other
450.0,2.0,50.0,77.0,other
2300.0,4.0,250.0,155.0,Blimbing
900.0,5.0,143.0,143.0,Blimbing
615.0,2.0,60.0,102.0,Blimbing
2500.0,4.0,320.0,180.0,Kedungkandang
420.0,2.0,70.0,70.0,other
975.0,3.0,160.0,185.0,other
365.0,2.0,60.0,84.0,other
1550.0,4.0,200.0,130.0,Lowokwaru
1450.0,4.0,159.0,126.0,other
1500.0,3.0,160.0,200.0,other
850.0,2.0,150.0,145.0,Blimbing
950.0,2.0,90.0,120.0,Blimbing
5950.0,5.0,500.0,360.0,Blimbing
900.0,5.0,143.0,143.0,Blimbing
2150.0,3.0,100.0,225.0,other
1100.0,3.0,120.0,90.0,other
1600.0,3.0,90.0,201.0,other
1200.0,4.0,200.0,135.0,other
1750.0,4.0,145.0,288.0,Lowokwaru
1400.0,3.0,144.0,119.0,Blimbing
375.0,2.0,45.0,75.0,other
2200.0,3.0,200.0,162.0,Lowokwaru
750.0,2.0,112.0,112.0,Blimbing
530.0,2.0,50.0,72.0,Lowokwaru
1100.0,4.0,91.0,180.0,other
1034.0,2.0,75.0,98.0,Blimbing
285.0,2.0,41.0,60.0,other
700.0,2.0,70.0,91.0,other
595.0,4.0,135.0,84.0,other
620.0,2.0,64.0,106.0,Sukun
1400.0,3.0,144.0,119.0,Blimbing
2700.0,5.0,300.0,216.0,other
519.0,2.0,45.0,72.0,other
4000.0,3.0,300.0,240.0,other
750.0,2.0,50.0,80.0,Lowokwaru
515.0,2.0,36.0,83.0,Blimbing
730.0,3.0,62.0,83.0,Lowokwaru
1544.0,3.0,90.0,101.0,Lowokwaru
240.0,1.0,27.0,74.0,other
1700.0,4.0,170.0,200.0,other
1200.0,2.0,48.0,85.0,Lowokwaru
1000.0,5.0,100.0,164.0,other
285.0,2.0,50.0,50.0,other
830.0,3.0,86.0,96.0,Lowokwaru
450.0,2.0,42.0,69.0,other
1100.0,3.0,150.0,91.0,Lowokwaru
1100.0,6.0,154.0,140.0,other
1200.0,3.0,165.0,240.0,Sukun
4500.0,4.0,300.0,240.0,Blimbing
125.0,2.0,30.0,30.0,other
850.0,4.0,99.0,124.0,Klojen
975.0,3.0,70.0,108.0,Lowokwaru
3600.0,4.0,200.0,540.0,Blimbing
300.0,2.0,64.0,64.0,other
400.0,2.0,46.0,60.0,Lowokwaru
525.0,2.0,50.0,65.0,Blimbing
300.0,2.0,40.0,84.0,Kedungkandang
550.0,3.0,80.0,65.0,Lowokwaru
1800.0,4.0,171.0,124.0,Sukun
465.0,3.0,63.0,72.0,Lowokwaru
1050.0,4.0,220.0,85.0,other
240.0,1.0,27.0,74.0,other
1975.0,4.0,185.0,225.0,Lowokwaru
699.0,3.0,105.0,105.0,other
468.0,2.0,45.0,70.0,Lowokwaru
1300.0,3.0,105.0,108.0,other
1350.0,2.0,172.0,92.0,Sukun
650.0,3.0,145.0,120.0,other
4000.0,4.0,400.0,450.0,other
1450.0,4.0,150.0,160.0,Blimbing
2875.0,4.0,181.0,150.0,Lowokwaru
540.0,2.0,40.0,63.0,Lowokwaru
850.0,6.0,150.0,142.0,other
485.0,2.0,45.0,72.0,Lowokwaru
925.0,3.0,121.0,121.0,other
1600.0,4.0,180.0,198.0,Blimbing
475.0,2.0,40.0,60.0,other
1550.0,2.0,100.0,129.0,other
1700.0,4.0,170.0,200.0,Blimbing
400.0,3.0,45.0,80.0,other
600.0,2.0,81.0,81.0,Lowokwaru
1900.0,6.0,300.0,177.0,Klojen
600.0,3.0,75.0,85.0,other
1150.0,3.0,75.0,112.0,other
1350.0,5.0,210.0,175.0,Sukun
420.0,2.0,52.0,76.0,other
5600.0,5.0,330.0,330.0,Klojen
2200.0,4.0,200.0,203.0,other
995.0,4.0,140.0,72.0,Sukun
975.0,3.0,130.0,140.0,Lowokwaru
975.0,2.0,85.0,108.0,other
600.0,3.0,120.0,60.0,other
615.0,2.0,75.0,75.0,Blimbing
790.0,3.0,120.0,89.0,Sukun
1300.0,3.0,97.0,91.0,Blimbing
135.0,2.0,27.0,60.0,other
4250.0,6.0,400.0,403.0,Sukun
3000.0,5.0,275.0,333.0,Klojen
525.0,3.0,70.0,100.0,Lowokwaru
975.0,2.0,85.0,108.0,other
565.0,3.0,57.0,70.0,Lowokwaru
1500.0,3.0,120.0,170.0,other
325.0,2.0,40.0,60.0,other
1900.0,5.0,150.0,180.0,Lowokwaru
650.0,2.0,66.0,70.0,other
1100.0,3.0,125.0,124.0,other
267.0,2.0,32.0,60.0,Kedungkandang
800.0,3.0,126.0,79.0,Blimbing
575.0,2.0,70.0,102.0,other
1000.0,3.0,90.0,153.0,Blimbing
295.0,2.0,30.0,60.0,Kedungkandang
468.0,2.0,45.0,70.0,Lowokwaru
850.0,3.0,150.0,105.0,Blimbing
1200.0,2.0,155.0,142.0,Blimbing
875.0,3.0,100.0,127.0,Lowokwaru
1450.0,3.0,90.0,126.0,Lowokwaru
550.0,3.0,80.0,65.0,Lowokwaru
900.0,2.0,42.0,72.0,Sukun
1400.0,2.0,130.0,72.0,other
4800.0,5.0,500.0,405.0,Blimbing
6500.0,4.0,350.0,518.0,Lowokwaru
970.0,2.0,75.0,77.0,Blimbing
308.0,2.0,30.0,63.0,Blimbing
2500.0,3.0,225.0,150.0,other
529.0,3.0,70.0,42.0,Lowokwaru
247.0,2.0,32.0,60.0,Kedungkandang
850.0,2.0,85.0,93.0,Klojen
369.0,2.0,50.0,60.0,Kedungkandang
750.0,3.0,100.0,140.0,Sukun
925.0,3.0,100.0,120.0,other
3000.0,3.0,110.0,211.0,other
2350.0,6.0,400.0,298.0,Lowokwaru
775.0,3.0,90.0,188.0,Kedungkandang
700.0,3.0,70.0,71.0,Lowokwaru
730.0,2.0,60.0,102.0,Blimbing
1850.0,4.0,105.0,105.0,Blimbing
600.0,3.0,75.0,99.0,other
600.0,2.0,50.0,86.0,other
2800.0,3.0,108.0,264.0,Klojen
400.0,1.0,64.0,72.0,Kedungkandang
400.0,2.0,54.0,77.0,other
426.0,2.0,42.0,66.0,Kedungkandang
425.0,3.0,46.0,60.0,Lowokwaru
850.0,3.0,62.0,98.0,other
589.0,3.0,54.0,72.0,Lowokwaru
400.0,2.0,50.0,72.0,Lowokwaru
825.0,4.0,150.0,91.0,Lowokwaru
600.0,2.0,70.0,126.0,other
499.0,3.0,50.0,72.0,Lowokwaru
535.0,2.0,45.0,79.0,Lowokwaru
1150.0,2.0,75.0,90.0,Sukun
1800.0,3.0,200.0,225.0,Sukun
1300.0,3.0,90.0,130.0,other
5000.0,4.0,167.0,673.0,Lowokwaru
475.0,2.0,45.0,81.0,other
600.0,3.0,75.0,99.0,other
910.0,2.0,80.0,143.0,Sukun
1150.0,4.0,91.0,91.0,Lowokwaru
625.0,3.0,47.0,121.0,Lowokwaru
515.0,2.0,78.0,78.0,Lowokwaru
1400.0,3.0,110.0,129.0,Lowokwaru
950.0,4.0,130.0,84.0,Lowokwaru
570.0,3.0,50.0,73.0,Lowokwaru
3200.0,3.0,170.0,407.0,Klojen
840.5,3.0,88.0,88.0,other
355.0,2.0,40.0,57.0,other
640.0,3.0,72.0,72.0,other
2200.0,3.0,150.0,203.0,Klojen
400.0,2.0,42.0,100.0,Kedungkandang
1130.0,3.0,120.0,99.0,Lowokwaru
350.0,2.0,38.0,60.0,Lowokwaru
575.0,2.0,113.0,74.0,other
700.0,2.0,84.0,50.0,other
335.0,2.0,36.0,72.0,Lowokwaru
1700.0,3.0,130.0,120.0,other
970.0,3.0,98.0,88.0,Lowokwaru
850.0,3.0,75.0,143.0,other
950.0,4.0,200.0,206.0,Lowokwaru
1500.0,3.0,275.0,157.0,Klojen
550.0,1.0,70.0,79.0,other
1200.0,4.0,159.0,126.0,Lowokwaru
680.0,2.0,46.0,81.0,Blimbing
1500.0,5.0,350.0,240.0,Klojen
3000.0,5.0,200.0,210.0,Lowokwaru
5750.0,5.0,300.0,441.0,Sukun
2600.0,4.0,185.0,200.0,Lowokwaru
775.0,2.0,60.0,96.0,other
160.0,2.0,30.0,60.0,other
650.0,2.0,66.0,60.0,Sukun
346.6975,2.0,36.0,77.0,other
700.0,6.0,150.0,64.0,Lowokwaru
375.0,2.0,50.0,70.0,Blimbing
975.0,3.0,110.0,112.0,Blimbing
525.0,3.0,79.0,79.0,other
850.0,2.0,50.0,93.0,Lowokwaru
2200.0,4.0,180.0,120.0,other
5000.0,4.0,650.0,375.0,Blimbing
4800.0,5.0,500.0,405.0,other
420.0,2.0,84.0,84.0,other
1300.0,4.0,145.0,145.0,other
1350.0,4.0,175.0,150.0,Blimbing
215.0,2.0,40.0,52.0,Sukun
950.0,4.0,200.0,206.0,Lowokwaru
850.0,3.0,75.0,143.0,other
565.0,3.0,57.0,70.0,Lowokwaru
1300.0,3.0,90.0,109.0,Lowokwaru
685.0,2.0,65.0,89.0,other
1300.0,2.0,200.0,220.0,other
1330.0,5.0,250.0,120.0,other
683.0,3.0,60.0,69.0,Lowokwaru
875.0,2.0,116.0,116.0,Sukun
1800.0,3.0,146.0,200.0,Blimbing
250.0,2.0,30.0,90.0,other
6000.0,4.0,450.0,370.0,Blimbing
2000.0,3.0,180.0,240.0,Blimbing
1700.0,2.0,86.0,228.0,Blimbing
1500.0,3.0,170.0,103.0,Lowokwaru
975.0,3.0,110.0,112.0,Blimbing
494.0,2.0,36.0,97.0,other
475.0,2.0,54.0,105.0,Lowokwaru
925.0,2.0,75.0,149.0,Lowokwaru
450.0,2.0,45.0,72.0,other
700.0,2.0,70.0,96.0,Lowokwaru
2600.0,4.0,260.0,157.0,Blimbing
650.0,3.0,70.0,82.0,Lowokwaru
680.0,2.0,46.0,81.0,Blimbing
580.0,3.0,120.0,120.0,other
514.0,3.0,54.0,72.0,Lowokwaru
1100.0,4.0,150.0,108.0,other
700.0,2.0,80.0,108.0,Sukun
3250.0,5.0,300.0,357.0,other
540.0,2.0,60.0,72.0,other
5000.0,3.0,400.0,312.0,Blimbing
310.0,2.0,46.0,72.0,Lowokwaru
2000.0,6.0,300.0,200.0,Sukun
435.0,2.0,40.0,68.0,other
2300.0,4.0,110.0,216.0,Lowokwaru
2700.0,4.0,204.0,240.0,Blimbing
319.0,2.0,40.0,112.0,Kedungkandang
2700.0,5.0,300.0,280.0,Blimbing
341.0,2.0,45.0,76.0,Blimbing
1250.0,5.0,210.0,175.0,Sukun
650.0,2.0,70.0,165.0,other
2900.0,6.0,120.0,339.0,Lowokwaru
1700.0,2.0,86.0,228.0,Blimbing
900.0,3.0,95.0,86.0,other
1350.0,4.0,200.0,130.0,Blimbing
475.0,2.0,54.0,77.0,other
975.0,4.0,80.0,83.0,Lowokwaru
985.0,3.0,100.0,150.0,other
1200.0,4.0,144.0,72.0,Lowokwaru
850.0,4.0,72.0,135.0,Blimbing
1100.0,3.0,140.0,83.0,Lowokwaru
5000.0,4.0,167.0,673.0,other
1100.0,3.0,110.0,76.0,Lowokwaru
750.0,1.0,90.0,112.0,other
1800.0,4.0,145.0,135.0,Lowokwaru
1600.0,3.0,160.0,234.0,Blimbing
2900.0,6.0,120.0,339.0,Lowokwaru
475.0,2.0,70.0,70.0,Sukun
3200.0,6.0,180.0,332.0,Lowokwaru
330.0,2.0,45.0,75.0,Lowokwaru
450.0,2.0,50.0,60.0,other
490.0,3.0,54.0,98.0,other
231.0,2.0,30.0,73.0,Lowokwaru
471.0,2.0,36.0,69.0,Blimbing
1400.0,3.0,90.0,72.0,Lowokwaru
2500.0,3.0,300.0,277.0,other
850.0,4.0,99.0,124.0,other
1500.0,4.0,170.0,126.0,other
1000.0,4.0,100.0,169.0,Blimbing
1144.0,3.0,105.0,112.0,Lowokwaru
2850.0,4.0,251.0,239.0,Blimbing
1250.0,3.0,100.0,120.0,Blimbing
3300.0,4.0,300.0,506.0,Blimbing
1450.0,6.0,280.0,275.0,Lowokwaru
625.0,2.0,60.0,112.0,Sukun
2900.0,4.0,200.0,210.0,Lowokwaru
1275.0,2.0,100.0,105.0,Sukun
2900.0,4.0,200.0,294.0,Sukun
424.0,2.0,48.0,66.0,Lowokwaru
1540.0,3.0,90.0,100.0,Lowokwaru
600.0,2.0,45.0,86.0,Lowokwaru
360.0,2.0,62.0,88.0,Sukun
730.0,2.0,45.0,98.0,Sukun
1400.0,4.0,150.0,150.0,other
295.0,2.0,54.0,128.0,other
350.0,2.0,55.0,72.0,other
700.0,3.0,72.0,115.0,Lowokwaru
850.0,2.0,45.0,123.0,other
1200.0,5.0,150.0,144.0,Sukun
330.0,2.0,42.0,42.0,Lowokwaru
1490.0,3.0,116.0,116.0,other
1950.0,4.0,240.0,160.0,other
750.0,3.0,70.0,105.0,other
275.0,2.0,36.0,60.0,other
420.0,3.0,60.0,77.0,other
3300.0,3.0,250.0,300.0,Lowokwaru
495.0,2.0,52.0,81.0,Sukun
600.0,2.0,45.0,88.0,Lowokwaru
478.0,3.0,56.0,60.0,other
775.0,3.0,124.0,124.0,Lowokwaru
1450.0,4.0,120.0,147.0,Lowokwaru
400.0,2.0,40.0,71.0,Lowokwaru
1695.0,3.0,170.0,240.0,Blimbing
700.0,3.0,60.0,88.0,Lowokwaru
243.0,2.0,32.0,54.0,other
850.0,4.0,180.0,106.0,other
280.0,2.0,60.0,84.0,other
3300.0,3.0,300.0,200.0,Lowokwaru
410.0,2.0,65.0,85.0,other
3000.0,4.0,200.0,210.0,Lowokwaru
1400.0,3.0,75.0,150.0,Lowokwaru
1550.0,5.0,140.0,78.0,other
615.0,3.0,80.0,65.0,other
760.0,2.0,47.0,113.0,Sukun
1200.0,4.0,90.0,116.0,other
850.0,2.0,66.0,90.0,Blimbing
1250.0,3.0,110.0,159.0,Lowokwaru
1500.0,4.0,167.0,188.0,other
500.0,2.0,31.0,40.0,other
1600.0,2.0,100.0,120.0,Klojen
1400.0,4.0,200.0,231.0,other
7500.0,3.0,350.0,404.0,Klojen
689.0,3.0,65.0,72.0,Lowokwaru
950.0,3.0,130.0,100.0,Lowokwaru
900.0,2.0,75.0,178.0,other
2700.0,4.0,150.0,144.0,Lowokwaru
3500.0,4.0,375.0,250.0,Blimbing
2000.0,6.0,200.0,300.0,other
350.0,2.0,38.0,60.0,Lowokwaru
1700.0,4.0,126.0,116.0,other
1500.0,3.0,70.0,170.0,other
850.0,2.0,90.0,120.0,Blimbing
365.0,2.0,36.0,60.0,Blimbing
400.0,2.0,70.0,72.0,other
471.0,2.0,36.0,69.0,Lowokwaru
1000.0,3.0,143.0,203.0,Blimbing
514.0,3.0,54.0,72.0,other
2800.0,6.0,290.0,200.0,Blimbing
225.0,2.0,40.0,64.0,other
2750.0,4.0,250.0,200.0,Blimbing
351.0,2.0,33.0,60.0,other
1900.0,5.0,300.0,105.0,Lowokwaru
735.0,3.0,45.0,120.0,Lowokwaru
1900.0,4.0,100.0,352.0,other
950.0,2.0,70.0,135.0,Blimbing
3000.0,3.0,165.0,200.0,Sukun
1900.0,2.0,55.0,105.0,Lowokwaru
594.0,3.0,70.0,76.0,other
450.0,2.0,50.0,60.0,Lowokwaru
350.0,2.0,36.0,60.0,other
6700.0,6.0,575.0,375.0,other
235.0,2.0,30.0,90.0,other
1500.0,3.0,144.0,119.0,Blimbing
1800.0,6.0,100.0,150.0,Klojen
1000.0,2.0,57.0,132.0,Blimbing
899.0,5.0,62.0,103.0,other
2650.0,4.0,250.0,300.0,Blimbing
825.0,4.0,120.0,140.0,Lowokwaru
950.0,4.0,160.0,122.0,other
850.0,2.0,90.0,120.0,Blimbing
350.0,2.0,36.0,60.0,Lowokwaru
1000.0,3.0,143.0,203.0,Blimbing
4300.0,6.0,450.0,300.0,Sukun
300.0,2.0,40.0,65.0,Kedungkandang
210.0,2.0,30.0,60.0,other
1700.0,3.0,170.0,170.0,Blimbing
1700.0,3.0,136.0,136.0,Sukun
790.0,1.0,100.0,68.0,Lowokwaru
755.0,3.0,90.0,132.0,other
2200.0,4.0,150.0,180.0,other
1900.0,3.0,110.0,258.0,Lowokwaru
1200.0,5.0,225.0,250.0,other
2600.0,5.0,250.0,240.0,other
550.0,2.0,45.0,45.0,other
,2.0,60.0,60.0,Kedungkandang
500.0,2.0,100.0,81.0,other
2500.0,3.0,150.0,150.0,Lowokwaru
1280.0,3.0,210.0,140.0,Lowokwaru
120.0,2.0,36.0,60.0,other
675.0,3.0,100.0,109.0,other
229.0,2.0,40.0,72.0,other
2500.0,4.0,145.0,165.0,Blimbing
750.0,3.0,100.0,140.0,other
850.0,4.0,120.0,253.0,other
289.0,2.0,36.0,103.0,other
925.0,3.0,130.0,97.0,Blimbing
1750.0,3.0,101.0,198.0,other
450.0,3.0,50.0,60.0,other
2925.0,2.0,120.0,172.0,other
938.0,3.0,115.0,108.0,other
900.0,4.0,68.0,121.0,Lowokwaru
450.0,4.0,90.0,90.0,other
875.0,4.0,100.0,107.0,Blimbing
800.0,2.0,110.0,140.0,other
1350.0,4.0,200.0,200.0,other
5500.0,4.0,300.0,435.0,Lowokwaru
1500.0,4.0,180.0,139.0,Sukun
7000.0,3.0,400.0,450.0,other
3210.51,3.0,172.0,200.0,Blimbing
350.0,2.0,105.0,96.0,other
300.0,2.0,40.0,84.0,Kedungkandang
2595.0,3.0,182.0,180.0,Blimbing
1000.0,3.0,100.0,119.0,Lowokwaru
800.0,3.0,75.0,85.0,Klojen
3000.0,4.0,190.0,249.0,other
350.0,2.0,56.0,60.0,other
699.0,2.0,50.0,84.0,other
580.0,2.0,84.0,84.0,other
1650.0,3.0,130.0,181.0,Klojen
365.0,2.0,36.0,60.0,Lowokwaru
900.0,2.0,54.0,131.0,other
800.0,3.0,90.0,118.0,other
450.0,2.0,47.0,93.0,other
350.0,2.0,120.0,60.0,other
1800.0,3.0,180.0,264.0,Lowokwaru
1200.0,3.0,120.0,132.0,other
920.0,2.0,126.0,98.0,Lowokwaru
950.0,2.0,70.0,135.0,Blimbing
250.0,2.0,30.0,90.0,other
110.0,4.0,91.0,180.0,other
400.0,2.0,82.0,78.0,Lowokwaru
6500.0,6.0,385.0,500.0,Lowokwaru
1500.0,3.0,200.0,128.0,Blimbing
5500.0,4.0,350.0,450.0,other
290.0,2.0,36.0,60.0,other
2300.0,3.0,275.0,300.0,other
660.0,3.0,57.0,64.0,other
850.0,2.0,65.0,88.0,Blimbing
219.0,2.0,36.0,66.0,other
2250.0,4.0,160.0,180.0,other
1250.0,3.0,110.0,144.0,other
350.0,2.0,36.0,60.0,other
645.0,2.0,47.0,84.0,Blimbing
800.0,3.0,168.0,84.0,other
544.0,2.0,45.0,70.0,Lowokwaru
900.0,2.0,54.0,131.0,other
820.0,3.0,75.0,105.0,other
3500.0,4.0,200.0,222.0,Blimbing
1250.0,4.0,174.0,174.0,Lowokwaru
229.0,2.0,40.0,72.0,other
1400.0,3.0,80.0,128.0,other
875.0,3.0,99.0,75.0,Blimbing
1200.0,4.0,140.0,104.0,Blimbing
825.0,2.0,72.0,96.0,other
1250.0,5.0,210.0,175.0,other
980.0,2.0,60.0,100.0,Blimbing
825.0,3.0,72.0,109.0,Blimbing
950.0,3.0,130.0,100.0,Lowokwaru
1550.0,5.0,105.0,117.0,Lowokwaru
1700.0,3.0,110.0,88.0,other
2200.0,4.0,200.0,315.0,other
386.0,2.0,42.0,72.0,Sukun
2750.0,4.0,200.0,250.0,other
1100.0,6.0,130.0,104.0,other
220.0,2.0,36.0,72.0,other
530.0,2.0,38.0,69.0,Blimbing
1800.0,5.0,250.0,131.0,Blimbing
1100.0,4.0,129.0,180.0,other
250.0,2.0,36.0,60.0,Sukun
244.0,2.0,38.0,60.0,other
400.0,2.0,38.0,72.0,Lowokwaru
800.0,3.0,168.0,84.0,other
2100.0,5.0,300.0,250.0,other
820.0,3.0,75.0,105.0,other
380.0,2.0,36.0,60.0,other
300.0,2.0,64.0,64.0,other
625.0,3.0,65.0,92.0,Kedungkandang
2450.0,4.0,200.0,202.0,Blimbing
1300.0,3.0,180.0,200.0,other
677.0,2.0,36.0,84.0,Blimbing
2500.0,4.0,220.0,280.0,Blimbing
700.0,3.0,100.0,107.0,other
2730.0,5.0,182.0,180.0,Blimbing
2750.0,4.0,200.0,250.0,other
464.0,3.0,75.0,90.0,Sukun
750.0,3.0,130.0,109.0,other
365.0,2.0,36.0,60.0,Lowokwaru
701.5,2.0,75.0,75.0,Blimbing
1475.0,2.0,100.0,124.0,Sukun
2000.0,3.0,300.0,200.0,Blimbing
244.0,2.0,38.0,60.0,other
1400.0,4.0,140.0,107.0,other
725.0,2.0,40.0,73.0,other
1750.0,3.0,175.0,175.0,Blimbing
395.0,2.0,40.0,60.0,other
550.0,2.0,50.0,60.0,other
650.0,2.0,55.0,81.0,other
1600.0,5.0,300.0,144.0,Blimbing
2600.0,6.0,300.0,400.0,other
386.0,2.0,42.0,72.0,Sukun
671.5,2.0,66.0,112.0,Kedungkandang
450.0,2.0,82.0,82.0,other
725.0,2.0,60.0,120.0,Lowokwaru
6200.0,5.0,300.0,395.0,other
325.0,2.0,36.0,60.0,Lowokwaru
850.0,2.0,54.0,117.0,Lowokwaru
3000.0,3.0,250.0,250.0,Blimbing
875.0,2.0,60.0,88.0,Lowokwaru
515.0,2.0,36.0,83.0,Blimbing
1350.0,4.0,150.0,160.0,Blimbing
595.0,2.0,80.0,90.0,other
252.0,2.0,30.0,60.0,other
400.0,2.0,38.0,72.0,Lowokwaru
2500.0,5.0,400.0,285.0,Sukun
2000.0,6.0,300.0,247.0,Blimbing
1030.0,3.0,90.0,94.0,Lowokwaru
5500.0,5.0,200.0,338.0,Lowokwaru
1800.0,5.0,186.0,186.0,Kedungkandang
1000.0,4.0,100.0,180.0,other
275.0,2.0,84.0,84.0,other
330.1875,2.0,45.0,87.0,other
2900.0,5.0,260.0,192.0,Blimbing
345.0,2.0,39.0,63.0,Sukun
525.0,3.0,66.0,72.0,Lowokwaru
314.0,2.0,30.0,60.0,Sukun
450.0,2.0,42.0,60.0,other
1233.0,3.0,82.0,105.0,Lowokwaru
355.0,3.0,52.0,70.0,other
2500.0,6.0,380.0,245.0,Blimbing
850.0,3.0,70.0,99.0,other
450.0,2.0,55.0,60.0,other
625.0,4.0,120.0,90.0,Kedungkandang
360.0,2.0,40.0,86.0,other
304.0,2.0,33.0,64.0,other
1100.0,3.0,120.0,90.0,Lowokwaru
700.0,2.0,54.0,105.0,Sukun
565.0,3.0,57.0,70.0,other
270.0,2.0,25.0,65.0,other
2500.0,4.0,200.0,137.0,Lowokwaru
425.0,2.0,100.0,130.0,other
1500.0,4.0,190.0,230.0,other
1500.0,4.0,120.0,126.0,Blimbing
325.0,2.0,36.0,60.0,Lowokwaru
850.0,3.0,66.0,96.0,other
425.0,3.0,129.0,90.0,other
3000.0,5.0,275.0,225.0,Blimbing
2500.0,2.0,240.0,204.0,Blimbing
1600.0,5.0,198.0,234.0,Lowokwaru
575.0,2.0,70.0,114.0,other
5800.0,6.0,300.0,435.0,Blimbing
525.0,3.0,66.0,72.0,Lowokwaru
1500.0,5.0,240.0,140.0,Sukun
7000.0,6.0,500.0,388.0,Lowokwaru
1233.0,3.0,82.0,105.0,Lowokwaru
3750.0,3.0,400.0,460.0,Klojen
360.0,3.0,80.0,72.0,other
3600.0,3.0,200.0,180.0,Lowokwaru
1400.0,4.0,150.0,106.0,Lowokwaru
875.0,2.0,80.0,100.0,Lowokwaru
1200.0,6.0,140.0,154.0,other
1499.999999,5.0,210.0,200.0,Sukun
2250.0,3.0,180.0,162.0,other
1750.0,3.0,100.0,179.0,other
710.0,2.0,54.0,112.0,Sukun
425.0,3.0,46.0,60.0,Lowokwaru
3250.0,4.0,300.0,200.0,Blimbing
3200.0,5.0,225.0,340.0,other
1000.0,2.0,80.0,107.0,Lowokwaru
599.0,3.0,54.0,70.0,Lowokwaru
3200.0,2.0,300.0,300.0,other
1200.0,5.0,107.0,107.0,Klojen
1350.0,5.0,125.0,104.0,other
800.0,3.0,90.0,110.0,Sukun
2850.0,4.0,251.0,239.0,other
525.0,2.0,45.0,60.0,other
1600.0,5.0,200.0,159.0,Lowokwaru
468.851,2.0,56.0,70.0,other
600.0,2.0,60.0,122.0,other
1900.0,3.0,119.0,144.0,Blimbing
2500.0,4.0,200.0,148.0,other
882.0,3.0,80.0,85.0,other
175.0,2.0,32.0,60.0,other
850.0,4.0,99.0,124.0,Klojen
710.0,2.0,54.0,112.0,other
5500.0,6.0,200.0,338.0,Lowokwaru
560.0,2.0,42.0,90.0,other
975.0,4.0,80.0,83.0,other
750.0,3.0,80.0,104.0,other
1200.0,6.0,350.0,240.0,other
2500.0,5.0,260.0,162.0,Blimbing
3500.0,4.0,200.0,308.0,Lowokwaru
300.0,2.0,45.0,59.0,other
2700.0,3.0,220.0,234.0,Lowokwaru
1149.999999,4.0,70.0,190.0,other
1100.0,3.0,270.0,230.0,Blimbing
4500.0,5.0,200.0,300.0,Sukun
385.0,3.0,60.0,84.0,other
2250.0,4.0,185.0,200.0,Lowokwaru
700.0,2.0,60.0,90.0,Sukun
1180.0,4.0,114.0,97.0,Blimbing
431.0,2.0,38.0,72.0,other
1500.0,3.0,150.0,217.0,other
975.0,2.0,65.0,128.0,other
350.0,2.0,38.0,60.0,Lowokwaru
550.0,3.0,90.0,119.0,other
1100.0,3.0,112.0,590.0,other
325.0,2.0,36.0,60.0,Lowokwaru
1300.0,3.0,240.0,120.0,other
150.0,2.0,32.0,60.0,other
400.0,2.0,40.0,96.0,other
875.0,2.0,90.0,113.0,Lowokwaru
685.0,2.0,65.0,89.0,other
470.0,3.0,70.0,90.0,other
3200.0,5.0,160.0,200.0,other
1700.0,5.0,90.0,112.0,Lowokwaru
675.0,3.0,75.0,84.0,other
875.0,3.0,98.0,88.0,Lowokwaru
925.0,3.0,121.0,121.0,Blimbing
4500.0,3.0,159.0,318.0,Sukun
145.0,2.0,27.0,60.0,other
3200.0,3.0,200.0,261.0,other
850.0,5.0,103.0,62.0,Blimbing
5000.0,4.0,250.0,480.0,other
850.0,2.0,70.0,105.0,other
1990.0,4.0,185.0,200.0,other
1700.0,3.0,130.0,198.0,Klojen
1750.0,1.0,175.0,200.0,other
765.0,2.0,65.0,106.0,other
800.0,6.0,290.0,88.0,Klojen
900.0,2.0,112.0,112.0,Kedungkandang
351.0,2.0,33.0,60.0,other
1550.0,4.0,180.0,252.0,Lowokwaru
295.0,2.0,42.0,70.0,Kedungkandang
545.0,2.0,69.0,79.0,Blimbing
1530.0,3.0,140.0,174.0,other
550.0,3.0,70.0,90.0,Blimbing
1500.0,4.0,109.0,109.0,other
1000.0,3.0,350.0,500.0,Blimbing
595.0,4.0,135.0,84.0,other
750.0,3.0,54.0,90.0,Blimbing
2000.0,3.0,170.0,170.0,Blimbing
560.0,2.0,48.0,72.0,other
397.0,3.0,54.0,72.0,Kedungkandang
2000.0,5.0,250.0,162.0,Lowokwaru
1800.0,3.0,110.0,200.0,other
2400.0,3.0,250.0,151.0,Lowokwaru
2500.0,4.0,220.0,280.0,Blimbing
550.0,3.0,65.0,60.0,other
950.0,3.0,150.0,84.0,other
1250.0,4.0,80.0,80.0,Lowokwaru
1950.0,4.0,150.0,216.0,Blimbing
341.0,2.0,45.0,76.0,other
2875.0,4.0,150.0,181.0,Lowokwaru
950.0,3.0,115.0,115.0,other
449.0,3.0,65.0,78.0,Kedungkandang
2550.0,3.0,250.0,300.0,Lowokwaru
1300.0,3.0,70.0,105.0,Blimbing
1600.0,5.0,180.0,102.0,other
799.0,4.0,84.0,84.0,other
1048.0,3.0,82.0,60.0,other
1800.0,4.0,160.0,216.0,Klojen
1400.0,3.0,90.0,85.0,Lowokwaru
282.0,2.0,30.0,60.0,Sukun
1300.0,3.0,240.0,120.0,Blimbing
1500.0,3.0,170.0,103.0,Lowokwaru
384.0,3.0,60.0,70.0,Kedungkandang
544.0,2.0,45.0,70.0,Lowokwaru
2375.0,3.0,220.0,194.0,other
399.0,2.0,45.0,60.0,other
1400.0,3.0,200.0,176.0,other
1700.0,4.0,220.0,176.0,Lowokwaru
399.0,3.0,70.0,60.0,other
950.0,3.0,110.0,87.0,other
349.0,2.0,45.0,65.0,other
980.0,3.0,50.0,131.0,Lowokwaru
2200.0,2.0,150.0,200.0,Blimbing
350.0,2.0,38.0,60.0,Lowokwaru
499.0,3.0,65.0,66.0,other
380.0,2.0,36.0,60.0,Lowokwaru
450.0,2.0,45.0,77.0,other
1750.0,4.0,135.0,126.0,Lowokwaru
1540.0,3.0,90.0,100.0,other
412.0,2.0,50.0,72.0,other
650.0,4.0,112.0,66.0,Kedungkandang
1750.0,3.0,100.0,179.0,Klojen
1325.0,4.0,200.0,110.0,other
1350.0,4.0,140.0,160.0,Blimbing
1000.0,4.0,119.0,119.0,Blimbing
1250.0,4.0,196.0,120.0,other
2500.0,5.0,300.0,161.0,Lowokwaru
400.0,2.0,60.0,99.0,other
375.0,2.0,84.0,84.0,other
650.0,2.0,60.0,122.0,Sukun
1550.0,5.0,170.0,98.0,Blimbing
1850.0,4.0,200.0,226.0,Lowokwaru
1100.0,4.0,200.0,125.0,Blimbing
350.0,2.0,36.0,60.0,other
4800.0,5.0,500.0,405.0,Blimbing
750.0,2.0,80.0,98.0,Lowokwaru
2250.0,5.0,350.0,190.0,Blimbing
1400.0,4.0,135.0,169.0,other
336.0,2.0,45.0,91.0,other
3600.0,4.0,380.0,420.0,Lowokwaru
500.0,2.0,60.0,72.0,other
269.0,2.0,36.0,66.0,other
575.0,2.0,50.0,60.0,other
279.0,2.0,38.0,66.0,Kedungkandang
700.0,4.0,75.0,84.0,Kedungkandang
2000.0,3.0,190.0,190.0,Klojen
1750.0,3.0,100.0,179.0,Klojen
2500.0,4.0,238.0,240.0,other
2300.0,5.0,270.0,160.0,Blimbing
585.0,3.0,90.0,96.0,other
528.84,2.0,50.0,86.0,other
1180.0,4.0,114.0,97.0,Blimbing
1500.0,4.0,165.0,108.0,other
269.0,2.0,40.0,72.0,other
365.0,2.0,36.0,60.0,Blimbing
1250.0,3.0,135.0,135.0,Lowokwaru
875.0,5.0,90.0,180.0,Blimbing
365.0,2.0,36.0,60.0,Blimbing
375.0,2.0,50.0,33.0,Klojen
345.0,2.0,38.0,63.0,Sukun
700.0,2.0,90.0,90.0,other
385.0,3.0,80.0,63.0,other
1350.0,4.0,140.0,145.0,Blimbing
3800.0,5.0,250.0,248.0,other
640.0,3.0,70.0,86.0,other
1900.0,6.0,180.0,156.0,Klojen
1400.0,4.0,150.0,156.0,other
800.0,4.0,210.0,105.0,other
1700.0,3.0,150.0,247.0,other
1600.0,4.0,150.0,225.0,Klojen
475.0,3.0,90.0,111.0,Blimbing
1150.0,3.0,90.0,72.0,other
325.0,2.0,45.0,76.0,other
330.0,2.0,45.0,70.0,other
650.0,2.0,90.0,105.0,Sukun
3700.0,5.0,500.0,350.0,Blimbing
560.0,2.0,42.0,90.0,Kedungkandang
1800.0,5.0,195.0,200.0,Klojen
2450.0,4.0,185.0,200.0,other
850.0,3.0,100.0,116.0,other
2500.0,5.0,350.0,160.0,other
5500.0,6.0,340.0,620.0,Sukun
4350.0,3.0,260.0,275.0,Klojen
2400.0,4.0,280.0,245.0,Lowokwaru
3000.0,4.0,300.0,312.0,Klojen
2250.0,3.0,180.0,162.0,Lowokwaru
5500.0,6.0,200.0,338.0,Lowokwaru
400.0,2.0,40.0,72.0,Kedungkandang
2500.0,5.0,275.0,225.0,Blimbing
2700.0,5.0,360.0,240.0,Blimbing
2950.0,3.0,200.0,282.0,Klojen
3250.0,5.0,300.0,260.0,other
3000.0,5.0,200.0,466.0,Blimbing
400.0,3.0,50.0,72.0,Lowokwaru
165.0,1.0,25.0,60.0,other
1600.0,4.0,150.0,120.0,other
825.0,2.0,39.0,105.0,Kedungkandang
2000.0,4.0,200.0,240.0,Blimbing
600.0,2.0,231.0,231.0,other
245.0,2.0,30.0,60.0,other
950.0,4.0,120.0,84.0,Lowokwaru
400.0,3.0,50.0,72.0,Lowokwaru
270.0,1.0,21.0,127.0,other
495.0,2.0,52.0,81.0,Sukun
2500.0,6.0,380.0,245.0,Blimbing
4250.0,6.0,640.0,403.0,Klojen
390.0,3.0,57.0,75.0,Kedungkandang
3300.0,3.0,150.0,332.0,Blimbing
685.0,3.0,60.0,90.0,other
825.0,4.0,120.0,80.0,Blimbing
3250.0,6.0,400.0,303.0,Sukun
3800.0,6.0,650.0,300.0,Blimbing
2950.0,5.0,250.0,200.0,Blimbing
1500.0,3.0,100.0,128.0,other
360.0,2.0,50.0,107.0,Blimbing
2200.0,5.0,135.0,170.0,Sukun
725.0,3.0,160.0,121.0,other
990.0,4.0,190.0,230.0,Blimbing
1100.0,4.0,160.0,162.0,Klojen
7000.0,4.0,350.0,400.0,other
315.0,2.0,36.0,66.0,other
725.0,2.0,45.0,120.0,Lowokwaru
1200.0,3.0,100.0,85.0,other
1300.0,3.0,180.0,200.0,Blimbing
650.0,2.0,65.0,89.0,other
500.0,2.0,60.0,72.0,Sukun
799.0,2.0,47.0,90.0,other
370.0,2.0,48.0,72.0,other
399.5,2.0,60.0,60.0,other
2000.0,3.0,250.0,550.0,Lowokwaru
475.0,3.0,60.0,50.0,other
300.0,3.0,80.0,72.0,other
1500.0,3.0,230.0,190.0,other
1100.0,3.0,150.0,223.0,Klojen
550.0,2.0,60.0,76.0,other
325.0,2.0,36.0,60.0,Lowokwaru
450.0,2.0,36.0,73.0,Blimbing
3500.0,4.0,375.0,250.0,Blimbing
825.0,4.0,120.0,80.0,Blimbing
279.0,2.0,36.0,66.0,other
240.0,2.0,32.0,72.0,Kedungkandang
400.0,2.0,54.0,77.0,other
1100.0,3.0,200.0,240.0,Sukun
199.0,1.0,21.0,66.0,other
3000.0,5.0,200.0,210.0,Lowokwaru
180.0,2.0,40.0,60.0,Kedungkandang
1300.0,3.0,180.0,200.0,Lowokwaru
525.0,2.0,84.0,84.0,other
428.25,2.0,40.0,60.0,other
878.0,3.0,80.0,136.0,other
850.0,3.0,84.0,84.0,other
1800.0,4.0,200.0,126.0,Sukun
650.0,2.0,67.0,98.0,other
6000.0,5.0,300.0,425.0,other
200.0,2.0,30.0,60.0,other
701.500555,2.0,75.0,75.0,Lowokwaru
700.0,2.0,70.0,91.0,other
1200.0,3.0,50.0,131.0,Lowokwaru
3200.0,5.0,300.0,195.0,Blimbing
2400.0,4.0,150.0,293.0,Kedungkandang
750.0,3.0,130.0,109.0,Lowokwaru
400.0,3.0,55.0,60.0,Sukun
1250.0,3.0,140.0,141.0,other
5500.0,4.0,300.0,435.0,Lowokwaru
387.4,2.0,36.0,72.0,other
350.0,2.0,39.0,71.0,Kedungkandang
850.0,2.0,90.0,100.0,Lowokwaru
471.0,2.0,36.0,69.0,Blimbing
1800.0,5.0,180.0,153.0,Lowokwaru
1250.0,3.0,222.0,147.0,Lowokwaru
700.0,2.0,45.0,127.0,other
3000.0,3.0,150.0,200.0,other
352.0,2.0,22.0,72.0,other
380.0,3.0,50.0,72.0,other
700.0,2.0,65.0,81.0,other
441.0,2.0,44.0,66.0,other
620.0,2.0,60.0,77.0,Lowokwaru
780.0,2.0,65.0,85.0,other
229.0,2.0,40.0,72.0,other
359.022222,3.0,65.0,90.0,other
1850.0,3.0,110.0,135.0,Lowokwaru
365.0,2.0,84.0,84.0,Sukun
1350.0,4.0,140.0,145.0,Blimbing
2800.0,5.0,290.0,200.0,Blimbing
1400.0,5.0,289.0,303.0,other
600.0,2.0,65.0,71.0,Blimbing
740.0,2.0,85.0,96.0,other
975.0,2.0,205.0,117.0,Sukun
1675.0,3.0,171.0,171.0,other
1850.0,6.0,193.0,173.0,Lowokwaru
390.0,2.0,36.0,60.0,other
600.0,5.0,131.0,90.0,other
700.0,2.0,45.0,127.0,other
900.0,3.0,100.0,135.0,other
600.0,2.0,60.0,96.0,Lowokwaru
800.0,2.0,60.0,75.0,other
1191.0,2.0,60.0,110.0,Sukun
1500.0,3.0,100.0,123.0,other
1550.0,3.0,85.0,150.0,other
2600.0,5.0,200.0,280.0,Blimbing
380.0,3.0,50.0,72.0,other
700.0,2.0,65.0,81.0,other
441.0,2.0,44.0,66.0,other
1650.0,2.0,55.0,155.0,Lowokwaru
1300.0,3.0,180.0,108.0,other
1100.0,3.0,120.0,60.0,other
600.0,2.0,70.0,92.0,Sukun
800.0,3.0,105.0,105.0,other
1750.0,3.0,130.0,200.0,Sukun
850.0,3.0,160.0,107.0,other
825.0,4.0,120.0,80.0,Blimbing
431.0,2.0,38.0,72.0,other
534.0,2.0,54.0,72.0,other
2800.0,5.0,290.0,200.0,Blimbing
850.0,3.0,160.0,84.0,other
300.0,2.0,40.0,65.0,Kedungkandang
750.0,3.0,65.0,176.0,other
265.0,2.0,36.0,60.0,other
945.0,3.0,75.0,90.0,Kedungkandang
1600.0,3.0,140.0,170.0,Blimbing
1600.0,3.0,120.0,120.0,Blimbing
2700.0,5.0,300.0,280.0,Blimbing
1700.0,4.0,75.0,286.0,Lowokwaru
1000.0,3.0,205.0,205.0,other
700.0,2.0,54.0,84.0,other
525.0,3.0,65.0,67.0,other
1191.0,2.0,60.0,110.0,Sukun
365.0,2.0,36.0,60.0,Lowokwaru
219.0,2.0,36.0,66.0,other
1750.0,3.0,130.0,200.0,Sukun
706.0,2.0,54.0,112.0,Kedungkandang
1700.0,5.0,154.0,132.0,Lowokwaru
200.0,2.0,38.0,66.0,Kedungkandang
700.0,2.0,112.0,112.0,other
295.0,2.0,40.0,70.0,Kedungkandang
2100.0,3.0,150.0,171.0,Lowokwaru
3400.0,2.0,150.0,200.0,other
1400.0,3.0,90.0,72.0,Lowokwaru
400.0,2.0,50.0,72.0,Lowokwaru
400.0,2.0,46.0,60.0,Lowokwaru
650.0,3.0,54.0,61.0,Blimbing
1130.0,3.0,150.0,208.0,Lowokwaru
1800.0,6.0,250.0,105.0,Lowokwaru
351.0,2.0,33.0,60.0,other
950.0,4.0,120.0,159.0,other
1500.0,3.0,170.0,103.0,other
833.7505,2.0,75.0,98.0,other
2700.0,5.0,300.0,280.0,Blimbing
4800.0,5.0,500.0,405.0,Blimbing
365.0,2.0,36.0,60.0,Lowokwaru
1450.0,2.0,70.0,199.0,other
3300.0,6.0,250.0,262.0,Blimbing
219.0,2.0,36.0,66.0,other
950.0,4.0,112.0,87.0,other
800.0,3.0,100.0,77.0,Lowokwaru
557.0,3.0,57.0,72.0,Lowokwaru
200.0,2.0,38.0,66.0,Kedungkandang
1300.0,3.0,85.0,126.0,Lowokwaru
2200.0,2.0,262.0,348.0,Sukun
560.0,2.0,48.0,71.0,other
1000.0,2.0,75.0,84.0,Lowokwaru
360.95,2.0,36.0,72.0,other
900.0,3.0,90.0,117.0,Blimbing
700.0,1.0,70.0,109.0,other
400.0,2.0,50.0,72.0,Lowokwaru
3200.0,3.0,150.0,403.0,Lowokwaru
650.0,3.0,112.0,112.0,other
298.0,2.0,30.0,60.0,Sukun
675.0,2.0,45.0,112.0,Lowokwaru
2500.0,3.0,400.0,268.0,other
620.000008,2.0,45.0,100.0,Lowokwaru
2600.0,4.0,200.0,266.0,other
500.0,2.0,80.0,92.0,other
1850.0,3.0,294.0,294.0,Lowokwaru
6200.0,5.0,300.0,395.0,other
900.0,3.0,97.0,115.0,Blimbing
3000.0,3.0,242.0,453.0,other
471.0,2.0,36.0,69.0,Blimbing
254.0,2.0,36.0,79.0,other
2500.0,5.0,300.0,165.0,Lowokwaru
325.0,2.0,36.0,60.0,Lowokwaru
3500.0,6.0,400.0,388.0,Blimbing
1000.0,3.0,148.0,148.0,other
290.0,2.0,36.0,60.0,other
284.0,2.0,38.0,60.0,other
675.0,3.0,70.0,103.0,Blimbing
600.0,2.0,50.0,72.0,Klojen
700.0,1.0,70.0,109.0,other
700.0,2.0,80.0,108.0,Sukun
900.0,4.0,200.0,288.0,other
850.0,3.0,140.0,110.0,Blimbing
850.0,3.0,78.0,78.0,other
395.0,3.0,40.0,60.0,other
225.0,2.0,36.0,60.0,other
3200.0,6.0,250.0,381.0,Sukun
975.0,3.0,110.0,130.0,Lowokwaru
2850.0,5.0,251.0,239.0,Blimbing
349.0,2.0,50.0,60.0,Kedungkandang
350.0,2.0,60.0,60.0,Kedungkandang
2800.0,4.0,290.0,200.0,Blimbing
850.0,2.0,90.0,136.0,Lowokwaru
530.0,2.0,38.0,69.0,Blimbing
1700.0,4.0,180.0,200.0,other
350.0,2.0,36.0,57.0,other
975.0,3.0,100.0,110.0,other
425.0,2.0,100.0,103.0,Kedungkandang
1200.0,3.0,100.0,122.0,Lowokwaru
3250.0,5.0,300.0,357.0,other
1250.0,3.0,110.0,159.0,Lowokwaru
384.0,3.0,60.0,70.0,Kedungkandang
215.0,2.0,40.0,60.0,Sukun
3850.0,4.0,300.0,300.0,other
2500.0,6.0,380.0,245.0,Blimbing
7000.0,4.0,601.0,401.0,Lowokwaru
260.0,2.0,36.0,60.0,other
350.0,2.0,38.0,60.0,Blimbing
415.0,3.0,42.0,65.0,Lowokwaru
4000.0,3.0,375.0,250.0,Blimbing
5000.0,3.0,410.0,270.0,Lowokwaru
1988.0,5.0,160.0,200.0,Blimbing
3200.0,4.0,170.0,356.0,Blimbing
580.0,2.0,60.0,60.0,other
5500.0,5.0,340.0,620.0,other
900.0,3.0,166.0,83.0,Blimbing
880.0,3.0,90.0,102.0,Sukun
1130.0,3.0,120.0,99.0,Klojen
900.0,4.0,95.0,94.0,Blimbing
6000.0,6.0,250.0,657.0,Lowokwaru
975.0,2.0,55.0,91.0,Lowokwaru
3250.0,6.0,400.0,303.0,other
3465.0,5.0,200.0,302.0,Klojen
5500.0,5.0,500.0,375.0,Blimbing
450.0,2.0,50.0,60.0,other
238.0,2.0,30.0,30.0,other
600.0,2.0,45.0,86.0,Lowokwaru
750.0,3.0,90.0,59.0,Klojen
400.0,2.0,50.0,72.0,Lowokwaru
710.0,2.0,50.0,100.0,Lowokwaru
600.0,3.0,50.0,72.0,Lowokwaru
900.0,3.0,115.0,107.0,Blimbing
2200.0,4.0,134.0,120.0,Lowokwaru
415.0,3.0,42.0,65.0,Lowokwaru
545.0,2.0,75.0,75.0,Blimbing
591.0,2.0,45.0,83.0,other
1600.0,5.0,250.0,250.0,other
600.0,2.0,50.0,134.0,Lowokwaru
2600.0,4.0,200.0,200.0,Blimbing
2600.0,4.0,200.0,315.0,Blimbing
709.0,3.0,80.0,75.0,other
470.0,3.0,90.0,90.0,other
325.0,2.0,46.0,60.0,other
5300.0,5.0,300.0,338.0,Lowokwaru
750.0,3.0,70.0,60.0,Blimbing
680.0,5.0,72.0,80.0,other
300.0,2.0,40.0,84.0,Kedungkandang
5500.0,3.0,100.0,289.0,Lowokwaru
2100.0,3.0,100.0,225.0,other
950.0,5.0,156.0,105.0,Kedungkandang
3512.0,4.0,255.0,210.0,other
575.0,2.0,58.0,72.0,Blimbing
325.0,2.0,40.0,60.0,Kedungkandang
2950.0,5.0,400.0,255.0,Lowokwaru
1530.0,4.0,200.0,177.0,Lowokwaru
600.0,2.0,50.0,130.0,Lowokwaru
1100.0,3.0,100.0,135.0,Klojen
2400.0,5.0,270.0,160.0,Blimbing
980.0,2.0,110.0,134.0,Lowokwaru
2000.0,3.0,125.0,160.0,Blimbing
1200.0,3.0,75.0,149.0,Lowokwaru
365.0,2.0,36.0,60.0,other
563.0,2.0,54.0,86.0,Lowokwaru
201.0,2.0,60.0,30.0,other
499.0,3.0,80.0,98.0,other
709.0,3.0,80.0,75.0,other
315.0,2.0,22.0,72.0,other
400.0,3.0,65.0,60.0,Blimbing
825.0,2.0,70.0,133.0,Sukun
825.0,3.0,124.0,124.0,Blimbing
1500.0,4.0,120.0,126.0,Blimbing
675.0,3.0,90.0,90.0,other
3200.0,6.0,400.0,342.0,Blimbing
300.0,2.0,40.0,84.0,Kedungkandang
310.0,2.0,60.0,84.0,other
2100.0,3.0,100.0,225.0,other
800.0,3.0,133.0,133.0,Lowokwaru
980.0,3.0,200.0,270.0,other
1100.0,3.0,250.0,190.0,Blimbing
275.0,2.0,42.0,90.0,other
226.0,1.0,21.0,98.0,other
350.0,2.0,45.0,77.0,other
950.0,3.0,80.0,103.0,other
335.0,2.0,52.0,84.0,other
492.0,3.0,56.0,60.0,other
4250.0,5.0,800.0,509.0,Klojen
3300.0,3.0,250.0,300.0,Blimbing
255.0,2.0,40.0,63.0,other
1400.0,3.0,162.0,162.0,other
320.0,2.0,40.0,80.0,other
499.0,2.0,78.0,98.0,Sukun
1200.0,2.0,70.0,120.0,Klojen
300.0,2.0,36.0,72.0,other
850.0,2.0,80.0,100.0,Blimbing
3300.0,6.0,350.0,401.0,other
765.0,2.0,80.0,100.0,Blimbing
180.0,2.0,40.0,60.0,Kedungkandang
1300.0,3.0,100.0,120.0,Blimbing
330.4,2.0,50.0,77.0,Kedungkandang
850.0,3.0,150.0,84.0,Lowokwaru
675.0,3.0,70.0,103.0,other
5750.0,4.0,500.0,491.0,Blimbing
314.0,2.0,30.0,60.0,Sukun
975.0,3.0,100.0,109.0,Lowokwaru
450.0,2.0,50.0,60.0,other
600.0,2.0,50.0,72.0,Lowokwaru
2975.0,3.0,300.0,250.0,Blimbing
3500.0,4.0,254.0,280.0,other
850.0,3.0,100.0,120.0,Blimbing
3000.0,4.0,192.0,192.0,Lowokwaru
3000.0,3.0,70.0,211.0,Lowokwaru
650.0,3.0,55.0,72.0,Lowokwaru
980.0,3.0,200.0,270.0,other
1350.0,3.0,227.0,127.0,Sukun
5500.0,6.0,500.0,375.0,Blimbing
2500.0,4.0,260.0,157.0,Lowokwaru
399.0,3.0,39.0,60.0,other
1550.0,3.0,161.0,161.0,Klojen
1000.0,3.0,148.0,148.0,other
500.0,2.0,60.0,72.0,Sukun
180.0,2.0,40.0,60.0,Kedungkandang
950.0,2.0,55.0,105.0,other
800.0,4.0,130.0,63.0,other
725.0,3.0,70.0,72.0,Blimbing
640.0,3.0,72.0,72.0,other
515.0,3.0,70.0,42.0,Blimbing
5000.0,3.0,410.0,270.0,Lowokwaru
675.0,3.0,70.0,103.0,other
244.0,2.0,38.0,60.0,other
940.0,3.0,200.0,100.0,Blimbing
2500.0,5.0,378.0,189.0,other
370.0,3.0,60.0,85.0,other
1200.0,4.0,110.0,144.0,Klojen
300.0,2.0,50.0,75.0,other
7000.0,5.0,750.0,546.0,Blimbing
1200.0,4.0,150.0,170.0,Blimbing
980.0,3.0,200.0,270.0,other
1000.0,2.0,180.0,126.0,Blimbing
900.0,2.0,71.0,98.0,other
455.0,3.0,48.0,70.0,Lowokwaru
6800.0,4.0,510.0,430.0,Klojen
217.0,2.0,32.0,60.0,Kedungkandang
525.0,2.0,65.0,83.0,other
800.0,6.0,290.0,88.0,Klojen
174.0,2.0,28.0,60.0,other
199.0,2.0,21.0,66.0,other
400.0,2.0,42.0,69.0,other
1400.0,4.0,129.0,200.0,Blimbing
650.0,3.0,96.0,96.0,Lowokwaru
150.0,2.0,32.0,60.0,other
300.0,2.0,40.0,72.0,Kedungkandang
515.0,3.0,70.0,42.0,Blimbing
565.0,2.0,48.0,84.0,other
275.0,2.0,40.0,60.0,other
264.999999,2.0,39.0,42.0,other
900.0,3.0,105.0,113.0,other
473.0,2.0,40.0,67.0,Sukun
1800.0,3.0,400.0,300.0,other
1200.0,4.0,110.0,144.0,Klojen
3300.0,5.0,500.0,675.0,Lowokwaru
5500.0,4.0,280.0,295.0,Lowokwaru
421.0,2.0,38.0,60.0,other
355.0,3.0,52.0,70.0,other
3200.0,3.0,150.0,200.0,Sukun
249.0,2.0,25.0,60.0,other
1000.0,2.0,180.0,126.0,Blimbing
2750.0,5.0,400.0,286.0,Blimbing
1025.0,2.0,90.0,90.0,other
900.0,2.0,71.0,98.0,Sukun
400.0,2.0,40.0,70.0,other
1750.0,5.0,240.0,123.0,Lowokwaru
1700.0,6.0,193.0,173.0,Lowokwaru
1895.0,4.0,155.0,120.0,Lowokwaru
850.0,2.0,50.0,93.0,Lowokwaru
1500.0,3.0,152.0,152.0,other
1150.0,3.0,125.0,102.0,Blimbing
650.0,2.0,70.0,95.0,other
1350.0,3.0,121.0,135.0,other
1500.0,2.0,120.0,168.0,Lowokwaru
155.0,1.0,21.0,50.0,other
600.0,2.0,70.0,92.0,other
350.0,2.0,55.0,84.0,other
1250.0,3.0,120.0,120.0,Lowokwaru
1500.0,5.0,130.0,130.0,other
3400.0,5.0,328.0,300.0,Blimbing
1890.0,5.0,152.0,180.0,Blimbing
1100.0,4.0,120.0,135.0,Blimbing
700.0,2.0,45.0,80.0,other
701.5,2.0,75.0,98.0,other
1700.0,4.0,140.0,130.0,other
3700.0,3.0,225.0,225.0,other
650.0,3.0,370.0,407.0,other
3025.0,4.0,200.0,325.0,Sukun
2000.0,5.0,200.0,260.0,other
1750.0,4.0,275.0,135.0,Blimbing
1250.0,3.0,100.0,136.0,other
840.0,2.0,115.0,71.0,Lowokwaru
900.0,3.0,90.0,117.0,Blimbing
790.0,3.0,180.0,89.0,Sukun
1530.0,4.0,200.0,177.0,Lowokwaru
1900.0,3.0,99.0,99.0,other
1800.0,6.0,200.0,126.0,Lowokwaru
275.0,2.0,36.0,72.0,Kedungkandang
1150.0,3.0,125.0,102.0,Blimbing
2500.0,3.0,180.0,162.0,Lowokwaru
650.0,2.0,70.0,95.0,other
435.0,2.0,50.0,80.0,Kedungkandang
314.0,1.0,23.0,60.0,Sukun
570.0,2.0,36.0,78.0,other
2250.0,3.0,150.0,212.0,Blimbing
650.0,2.0,70.0,90.0,Lowokwaru
425.0,2.0,54.0,72.0,other
400.0,2.0,56.0,70.0,Sukun
1700.0,5.0,105.0,117.0,Lowokwaru
1250.0,3.0,120.0,120.0,Lowokwaru
700.0,2.0,45.0,80.0,other
1000.0,3.0,72.0,136.0,Lowokwaru
1700.0,4.0,140.0,130.0,other
1250.0,4.0,80.0,80.0,Lowokwaru
3700.0,3.0,225.0,225.0,other
495.0,2.0,59.0,81.0,Sukun
2800.0,6.0,200.0,174.0,Lowokwaru
1500.0,4.0,112.0,112.0,other
975.0,3.0,75.0,98.0,Lowokwaru
250.0,2.0,36.0,66.0,other
1550.0,4.0,200.0,177.0,Lowokwaru
1100.0,2.0,120.0,126.0,other
1350.0,3.0,110.0,120.0,Blimbing
985.0,3.0,72.0,136.0,other
1800.0,5.0,195.0,200.0,Klojen
1600.0,3.0,120.0,120.0,Blimbing
1800.0,3.0,400.0,300.0,other
325.0,2.0,36.0,60.0,other
2100.0,4.0,160.0,275.0,other
1350.0,2.0,172.0,92.0,Sukun
850.0,3.0,80.0,78.0,Lowokwaru
1350.0,4.0,200.0,130.0,Blimbing
3500.0,4.0,210.0,270.0,other
1250.0,3.0,100.0,126.0,Lowokwaru
656.0,3.0,70.0,91.0,other
1800.0,5.0,195.0,200.0,Klojen
810.0,2.0,58.0,60.0,Blimbing
920.0,2.0,126.0,98.0,Lowokwaru
400.0,2.0,60.0,93.0,other
425.0,3.0,58.0,68.0,other
576.0,2.0,40.0,72.0,other
750.0,2.0,36.0,78.0,Sukun
992.0,2.0,75.0,92.0,Blimbing
4500.0,5.0,250.0,400.0,Lowokwaru
1100.0,5.0,178.0,121.0,other
442.0,3.0,60.0,116.0,other
1250.0,2.0,85.0,147.0,other
760.0,2.0,47.0,113.0,Sukun
256.5,2.0,36.0,66.0,other
750.0,3.0,50.0,75.0,Lowokwaru
900.0,3.0,80.0,114.0,Blimbing
550.0,2.0,70.0,131.0,Lowokwaru
1150.0,2.0,75.0,90.0,Sukun
1300.0,3.0,100.0,190.0,Lowokwaru
335.0,2.0,52.0,84.0,Kedungkandang
600.0,2.0,50.0,86.0,Blimbing
780.0,3.0,110.0,91.0,Sukun
2730.0,5.0,182.0,180.0,Blimbing
850.0,2.0,54.0,74.0,Blimbing
1530.0,4.0,200.0,177.0,Lowokwaru
1200.0,4.0,100.0,162.0,other
575.0,2.0,50.0,70.0,other
770.0,2.0,45.0,89.0,Blimbing
1750.0,3.0,102.0,98.0,Lowokwaru
700.0,4.0,135.0,98.0,Kedungkandang
650.0,2.0,70.0,165.0,other
1800.0,4.0,190.0,216.0,other
615.0,3.0,65.0,80.0,other
620.0,2.0,45.0,100.0,Lowokwaru
455.0,2.0,45.0,72.0,Lowokwaru
2000.0,3.0,110.0,216.0,other
3950.0,6.0,300.0,356.0,other
1600.0,3.0,80.0,119.0,Lowokwaru
1800.0,4.0,145.0,180.0,Sukun
1550.0,3.0,80.0,133.0,Lowokwaru
250.0,2.0,30.0,63.0,other
1100.0,3.0,70.0,106.0,Lowokwaru
725.0,3.0,65.0,84.0,Blimbing
750.0,2.0,40.0,72.0,Lowokwaru
1500.0,4.0,151.0,159.0,other
1100.0,3.0,112.0,590.0,other
150.0,2.0,32.0,60.0,other
575.0,2.0,83.0,83.0,Blimbing
890.0,2.0,60.0,80.0,other
700.0,2.0,63.0,98.0,other
900.0,2.0,40.0,96.0,Kedungkandang
365.0,2.0,36.0,60.0,Lowokwaru
227.0,2.0,39.0,43.0,other
1750.0,3.0,200.0,161.0,Blimbing
650.0,2.0,45.0,85.0,other
800.0,2.0,60.0,254.0,other
225.0,2.0,36.0,73.0,other
360.0,2.0,36.0,72.0,Lowokwaru
3250.0,5.0,250.0,205.0,other
1500.0,3.0,92.0,141.0,Lowokwaru
850.0,3.0,100.0,135.0,other
900.0,3.0,120.0,212.0,Sukun
5000.0,4.0,280.0,320.0,Sukun
250.0,2.0,30.0,63.0,other
365.0,2.0,36.0,60.0,Blimbing
725.0,3.0,65.0,84.0,Blimbing
1000.0,2.0,100.0,140.0,other
349.7895,2.0,36.0,65.0,other
750.0,2.0,40.0,72.0,Lowokwaru
500.0,2.0,50.0,84.0,other
775.0,3.0,90.0,69.0,other
1100.0,3.0,112.0,590.0,other
5200.0,4.0,280.0,345.0,other
1600.0,3.0,160.0,155.0,other
720.0,2.0,45.0,87.0,other
400.0,2.0,60.0,60.0,other
675.0,3.0,83.0,96.0,other
7000.0,5.0,525.0,502.0,other
1800.0,4.0,171.0,124.0,Sukun
750.0,3.0,135.0,141.0,other
365.0,2.0,36.0,60.0,Lowokwaru
350.0,2.0,36.0,60.0,other
1400.0,4.0,129.0,200.0,other
596.0,2.0,60.0,82.0,other
800.0,2.0,48.0,87.0,Lowokwaru
1650.0,3.0,160.0,170.0,other
281.75,2.0,36.0,103.0,other
7000.0,4.0,350.0,400.0,Sukun
750.0,3.0,50.0,75.0,Lowokwaru
850.0,3.0,100.0,135.0,other
1400.0,3.0,122.0,96.0,Kedungkandang
2500.0,6.0,200.0,225.0,Kedungkandang
2500.0,3.0,275.0,216.0,Blimbing
5500.0,6.0,200.0,338.0,other
545.0,3.0,55.0,70.0,other
2107.0,5.0,200.0,301.0,Lowokwaru
290.0,3.0,60.0,70.0,other
2950.0,4.0,150.0,328.0,other
650.0,2.0,36.0,78.0,other
538.0,3.0,65.0,72.0,Sukun
600.0,2.0,60.0,70.0,Blimbing
7000.0,5.0,525.0,502.0,other
990.0,3.0,100.0,72.0,Sukun
575.0,2.0,55.0,72.0,Blimbing
5500.0,5.0,350.0,322.0,Sukun
3750.0,4.0,250.0,300.0,other
425.0,3.0,56.0,66.0,other
1750.0,3.0,130.0,209.0,Klojen
1600.0,6.0,270.0,250.0,Lowokwaru
3000.0,3.0,300.0,210.0,Blimbing
1750.0,5.0,250.0,234.0,Lowokwaru
450.0,2.0,50.0,60.0,Lowokwaru
314.0,2.0,30.0,60.0,Sukun
2850.0,4.0,366.0,183.0,other
280.0,2.0,56.0,105.0,Kedungkandang
7000.0,4.0,350.0,400.0,Sukun
2800.0,6.0,360.0,250.0,Sukun
1400.0,3.0,122.0,96.0,Kedungkandang
2500.0,6.0,200.0,225.0,Kedungkandang
243.0,2.0,32.0,54.0,other
545.0,3.0,55.0,70.0,other
1800.0,5.0,230.0,119.0,Lowokwaru
2950.0,4.0,150.0,328.0,other
2500.0,4.0,300.0,161.0,Lowokwaru
650.0,2.0,36.0,78.0,other
750.0,3.0,97.0,63.0,Blimbing
750.0,3.0,97.0,63.0,Blimbing
590.0,3.0,70.0,57.0,other
350.0,2.0,40.0,66.0,Kedungkandang
425.0,3.0,56.0,66.0,other
3750.0,4.0,250.0,300.0,other
243.0,2.0,32.0,54.0,other
300.0,2.0,40.0,84.0,Kedungkandang
165.0,2.0,36.0,60.0,other
315.0,2.0,42.0,65.0,Kedungkandang
365.0,2.0,52.0,84.0,Kedungkandang
450.0,2.0,50.0,60.0,Lowokwaru
425.0,2.0,40.0,71.0,other
2850.0,4.0,366.0,183.0,other
475.0,2.0,46.0,70.0,other
775.0,2.0,60.0,120.0,other
2800.0,6.0,360.0,250.0,Sukun
800.0,3.0,50.0,112.0,other
800.0,2.0,48.0,87.0,Sukun
850.0,3.0,110.0,110.0,other
550.0,3.0,65.0,64.0,other
2500.0,4.0,300.0,161.0,Lowokwaru
325.0,2.0,36.0,60.0,other
330.0,2.0,38.0,60.0,other
8000.0,4.0,500.0,525.0,Klojen
3000.0,6.0,230.0,301.0,other
1300.0,2.0,76.0,135.0,Klojen
6000.0,6.0,250.0,318.0,Klojen
930.0,3.0,80.0,111.0,Lowokwaru
238.0,2.0,39.0,46.0,other
585.38,2.0,90.0,45.0,other
3500.0,6.0,300.0,180.0,Lowokwaru
850.0,3.0,50.0,84.0,other
315.0,2.0,42.0,65.0,Kedungkandang
725.0,2.0,75.0,75.0,other
365.0,2.0,52.0,84.0,Kedungkandang
892.343,3.0,80.0,111.0,other
475.0,2.0,46.0,70.0,other
750.0,3.0,80.0,75.0,other
775.0,2.0,60.0,120.0,other
625.0,3.0,47.0,120.0,Lowokwaru
6250.0,5.0,500.0,360.0,Blimbing
2000.0,4.0,150.0,205.0,Lowokwaru
550.0,3.0,65.0,64.0,other
600.0,2.0,70.0,92.0,other
3500.0,4.0,250.0,300.0,Lowokwaru
3000.0,6.0,230.0,301.0,other
225.0,2.0,36.0,48.0,Kedungkandang
265.0,2.0,50.0,50.0,other
1650.0,3.0,150.0,160.0,Blimbing
415.0,2.0,40.0,70.0,other
199.0,2.0,21.0,66.0,other
700.0,3.0,80.0,84.0,other
300.0,2.0,40.0,68.0,other
325.0,3.0,50.0,74.0,other
238.0,2.0,39.0,46.0,other
545.0,3.0,58.0,66.0,other
1250.0,3.0,150.0,101.0,other
225.0,2.0,36.0,60.0,other
1530.0,4.0,200.0,177.0,Lowokwaru
5750.0,3.0,257.0,384.0,Blimbing
1100.0,4.0,160.0,126.0,Lowokwaru
480.0,2.0,45.0,77.0,other
394.0,2.0,72.0,72.0,other
2000.0,3.0,150.0,220.0,Blimbing
300.0,2.0,77.0,77.0,other
170.0,2.0,28.0,60.0,other
525.0,2.0,54.0,72.0,Lowokwaru
1300.0,4.0,100.0,128.0,other
4500.0,5.0,300.0,395.0,Blimbing
1030.0,2.0,117.0,127.0,other
1100.0,3.0,122.0,184.0,other
2400.0,5.0,270.0,160.0,Blimbing
850.0,3.0,93.0,93.0,Blimbing
465.0,3.0,95.0,140.0,other
1300.0,3.0,200.0,176.0,other
3550.0,5.0,400.0,240.0,other
380.0,2.0,36.0,60.0,other
550.0,3.0,56.0,70.0,other
889.0,3.0,120.0,180.0,other
2400.0,4.0,250.0,200.0,Blimbing
7000.0,4.0,500.0,450.0,Blimbing
465.0,3.0,95.0,140.0,other
5000.0,5.0,345.0,404.0,Blimbing
5000.0,6.0,350.0,555.0,other
335.0,3.0,52.0,84.0,Kedungkandang
1300.0,4.0,170.0,96.0,other
1800.0,5.0,250.0,131.0,Blimbing
938.0,3.0,63.0,82.0,Sukun
1100.0,4.0,160.0,126.0,Lowokwaru
380.0,3.0,60.0,60.0,other
850.0,4.0,80.0,159.0,Blimbing
3000.0,3.0,225.0,225.0,other
2400.0,5.0,270.0,160.0,Blimbing
286.0,1.0,22.0,72.0,Kedungkandang
700.0,4.0,164.0,82.0,other
525.0,3.0,70.0,100.0,Lowokwaru
1600.0,3.0,100.0,161.0,other
450.0,2.0,72.0,72.0,Kedungkandang
3750.0,3.0,375.0,250.0,Blimbing
2400.0,3.0,90.0,123.0,Lowokwaru
900.0,3.0,70.0,147.0,Blimbing
261.5448,2.0,80.0,80.0,Kedungkandang
1180.0,4.0,114.0,97.0,Blimbing
975.0,2.0,66.0,90.0,Blimbing
2400.0,4.0,250.0,200.0,Blimbing
355.0,2.0,45.0,70.0,other
335.0,3.0,52.0,84.0,Kedungkandang
499.0,2.0,38.0,63.0,other
5500.0,4.0,375.0,450.0,Klojen
3500.0,5.0,400.0,350.0,Lowokwaru
1500.0,3.0,275.0,157.0,Klojen
2500.0,4.0,200.0,240.0,Klojen
850.0,4.0,80.0,159.0,Blimbing
2580.0,4.0,260.0,157.0,Blimbing
220.0,2.0,36.0,60.0,other
4200.0,3.0,244.0,240.0,Blimbing
700.0,4.0,164.0,82.0,other
660.0,3.0,60.0,98.0,other
450.0,2.0,72.0,72.0,Kedungkandang
254.0,2.0,36.0,79.0,other
875.0,4.0,125.0,256.0,other
135.0,2.0,36.0,60.0,Sukun
245.0,2.0,36.0,90.0,other
535.0,2.0,36.0,83.0,other
1180.0,4.0,114.0,97.0,Blimbing
3500.0,5.0,250.0,364.0,Klojen
5500.0,5.0,500.0,375.0,Blimbing
400.0,2.0,49.0,75.0,other
355.0,2.0,45.0,70.0,other
235.0,2.0,40.0,72.0,other
5000.0,3.0,240.0,498.0,other
499.0,2.0,38.0,63.0,other
5500.0,4.0,375.0,450.0,Klojen
878.0,2.0,70.0,96.0,Sukun
2500.0,4.0,200.0,240.0,Klojen
277.0,2.0,30.0,63.0,other
7000.0,5.0,350.0,400.0,Sukun
3250.0,4.0,264.0,280.0,Sukun
787.0,2.0,54.0,94.0,Sukun
885.0,4.0,110.0,115.0,Lowokwaru
1100.0,3.0,120.0,203.0,Lowokwaru
500.0,2.0,50.0,130.0,other
6000.0,6.0,250.0,657.0,Lowokwaru
1100.0,4.0,91.0,180.0,Blimbing
5000.0,3.0,350.0,450.0,other
670.0,3.0,65.0,90.0,other
1100.0,4.0,90.0,177.0,Sukun
1500.0,4.0,350.0,234.0,other
3150.0,6.0,350.0,200.0,Blimbing
2600.0,4.0,200.0,200.0,Blimbing
3000.0,4.0,220.0,460.0,Lowokwaru
950.0,4.0,160.0,184.0,other
485.0,4.0,150.0,80.0,other
,3.0,36.0,76.0,Kedungkandang
550.0,2.0,80.0,80.0,Blimbing
5500.0,5.0,500.0,375.0,Blimbing
,,,,
2100.0,4.0,280.0,250.0,Blimbing
775.0,2.0,45.0,87.0,other
1550.0,3.0,98.0,153.0,Blimbing
275.0,2.0,40.0,60.0,Kedungkandang
3500.0,6.0,300.0,250.0,other
458.0,2.0,45.0,77.0,other
1900.0,5.0,250.0,131.0,Blimbing
5550.0,6.0,500.0,375.0,Blimbing
2250.0,4.0,320.0,254.0,other
875.0,3.0,110.0,117.0,Blimbing
3500.0,4.0,264.0,280.0,Lowokwaru
549.0,2.0,55.0,60.0,other
5000.0,5.0,400.0,586.0,Lowokwaru
750.0,3.0,150.0,150.0,Lowokwaru
1500.0,4.0,150.0,156.0,other
675.0,3.0,70.0,103.0,Blimbing
600.0,2.0,40.0,72.0,Lowokwaru
850.0,2.0,73.0,106.0,other
1500.0,4.0,150.0,200.0,other
575.0,3.0,140.0,86.0,Kedungkandang
750.0,5.0,150.0,121.0,other
975.0,3.0,80.0,66.0,other
1700.0,2.0,150.0,257.0,other
575.0,3.0,140.0,86.0,Kedungkandang
675.0,2.0,36.0,91.0,Blimbing
1200.0,3.0,125.0,126.0,Blimbing
5000.0,3.0,250.0,277.0,other
1500.0,3.0,100.0,135.0,other
1500.0,4.0,160.0,91.0,Lowokwaru
475.0,2.0,84.0,84.0,other
2700.0,3.0,140.0,261.0,Lowokwaru
2500.0,4.0,220.0,280.0,Blimbing
219.0,2.0,36.0,66.0,other
325.0,2.0,60.0,60.0,other
2580.0,4.0,260.0,157.0,Lowokwaru
675.0,3.0,70.0,103.0,Blimbing
1000.0,2.0,80.0,107.0,Blimbing
950.0,2.0,200.0,127.0,other
650.0,3.0,110.0,54.0,other
300.0,2.0,48.0,60.0,other
225.0,2.0,36.0,60.0,other
400.0,2.0,33.0,60.0,other
575.0,3.0,140.0,86.0,Kedungkandang
650.0,5.0,160.0,96.0,other
950.0,3.0,120.0,99.0,Blimbing
3050.0,3.0,150.0,183.0,Lowokwaru
5000.0,4.0,167.0,673.0,Lowokwaru
442.0,2.0,50.0,78.0,other
1500.0,3.0,100.0,135.0,other
170.0,2.0,28.0,60.0,other
1600.0,3.0,125.0,125.0,Klojen
330.0,2.0,36.0,60.0,Kedungkandang
450.0,2.0,45.0,60.0,other
1800.0,3.0,145.0,180.0,Klojen
8000.0,3.0,350.0,641.0,Blimbing
3250.0,4.0,270.0,215.0,other
669.0,2.0,48.0,78.0,Sukun
3700.0,5.0,300.0,200.0,Lowokwaru
990.0,3.0,100.0,72.0,Sukun
5000.0,3.0,410.0,270.0,Lowokwaru
550.0,3.0,125.0,68.0,other
625.0,3.0,47.0,121.0,Lowokwaru
650.0,4.0,150.0,93.0,other
795.0,2.0,70.0,83.0,Blimbing
1600.0,3.0,140.0,116.0,Lowokwaru
950.0,2.0,200.0,127.0,other
950.0,2.0,65.0,84.0,other
160.0,2.0,30.0,60.0,other
790.0,3.0,70.0,98.0,Blimbing
135.0,2.0,36.0,60.0,Sukun
885.0,3.0,130.0,100.0,Klojen
1900.0,4.0,150.0,170.0,Lowokwaru
200.0,2.0,36.0,72.0,other
799.0,4.0,160.0,84.0,Blimbing
1150.0,3.0,120.0,145.0,other
5500.0,6.0,350.0,620.0,Sukun
4500.0,5.0,250.0,580.0,Lowokwaru
325.0,2.0,36.0,75.0,Blimbing
1200.0,3.0,136.0,136.0,other
350.0,2.0,38.0,60.0,other
990.0,3.0,100.0,72.0,Sukun
750.0,2.0,55.0,84.0,Blimbing
670.0,3.0,60.0,60.0,other
1600.0,3.0,114.0,114.0,other
750.0,2.0,105.0,105.0,Sukun
375.0,3.0,65.0,90.0,other
290.0,2.0,36.0,55.0,other
1200.0,2.0,70.0,120.0,Klojen
1600.0,3.0,140.0,116.0,Lowokwaru
975.0,3.0,77.0,97.0,Lowokwaru
425.0,2.0,45.0,81.0,other
1800.0,5.0,270.0,135.0,other
1800.0,3.0,120.0,240.0,Blimbing
1200.0,2.0,120.0,108.0,Blimbing
3200.0,3.0,200.0,216.0,Lowokwaru
950.0,3.0,90.0,124.0,Blimbing
295.0,2.0,42.0,70.0,Kedungkandang
400.0,3.0,50.0,63.0,Lowokwaru
565.0,2.0,43.0,70.0,Blimbing
1600.0,3.0,98.0,136.0,Blimbing
490.5,2.0,50.0,55.0,other
1200.0,3.0,105.0,84.0,Lowokwaru
3200.0,2.0,230.0,264.0,Blimbing
975.0,2.0,70.0,90.0,other
5500.0,5.0,280.0,407.0,Blimbing
5000.0,4.0,350.0,396.0,Klojen
1000.0,5.0,90.0,175.0,Blimbing
300.0,2.0,36.0,72.0,other
550.0,3.0,65.0,81.0,other
7000.0,5.0,350.0,400.0,Sukun
1600.0,4.0,250.0,180.0,Blimbing
725.0,3.0,75.0,79.0,Blimbing
375.0,2.0,40.0,85.0,other
550.0,3.0,90.0,119.0,other
465.0,3.0,50.0,83.0,other
5550.0009,6.0,200.0,338.0,Lowokwaru
530.0,2.0,48.0,60.0,other
250.0,2.0,30.0,75.0,other
282.0,2.0,30.0,60.0,Sukun
1250.0,3.0,100.0,130.0,Lowokwaru
1059.0,2.0,75.0,100.0,other
900.0,2.0,45.0,136.0,Lowokwaru
399.0,2.0,55.0,78.0,Lowokwaru
5000.0,3.0,410.0,270.0,Lowokwaru
199.0,1.0,21.0,66.0,other
1480.0,3.0,170.0,198.0,Blimbing
750.0,3.0,144.0,234.0,other
499.5,2.0,50.0,60.0,other
519.0,3.0,70.0,70.0,other
2600.0,5.0,180.0,168.0,other
900.0,3.0,100.0,120.0,Blimbing
3100.0,3.0,275.0,225.0,Blimbing
5000.0,4.0,350.0,396.0,Klojen
1000.0,5.0,90.0,175.0,Blimbing
300.0,2.0,36.0,72.0,other
325.0,2.0,36.0,75.0,Blimbing
550.0,3.0,65.0,81.0,other
7000.0,5.0,350.0,400.0,Sukun
1600.0,4.0,250.0,180.0,Blimbing
600.0,2.0,45.0,86.0,Blimbing
725.0,3.0,75.0,79.0,Blimbing
375.0,2.0,40.0,85.0,other
550.0,3.0,90.0,119.0,other
375.0,3.0,65.0,90.0,other
465.0,3.0,50.0,83.0,other
530.0,2.0,48.0,60.0,other
250.0,2.0,30.0,75.0,other
1250.0,3.0,100.0,130.0,Lowokwaru
1059.0,2.0,75.0,100.0,other
900.0,2.0,45.0,136.0,Lowokwaru
399.0,2.0,55.0,78.0,Lowokwaru
5000.0,3.0,410.0,270.0,Lowokwaru
1480.0,3.0,170.0,198.0,Blimbing
750.0,3.0,144.0,234.0,other
499.5,2.0,50.0,60.0,other
2600.0,5.0,180.0,168.0,other
900.0,3.0,100.0,120.0,Blimbing
450.0,2.0,36.0,73.0,Blimbing
3100.0,3.0,275.0,225.0,Blimbing
650.0,2.0,80.0,91.0,other
2000.0,6.0,300.0,200.0,Sukun
820.0,3.0,75.0,105.0,other
900.0,2.0,71.0,98.0,Sukun
1150.0,3.0,125.0,102.0,Blimbing
1750.0,4.0,200.0,124.0,Lowokwaru
2300.0,3.0,250.0,300.0,Blimbing
7250.0,5.0,360.0,392.0,Blimbing
1500.0,3.0,65.0,105.0,other
3255.0,3.0,180.0,205.0,other
1350.0,3.0,135.0,119.0,Blimbing
1375.0,5.0,150.0,110.0,other
2500.0,4.0,212.0,240.0,other
1100.0,3.0,90.0,126.0,Blimbing
1200.0,2.0,45.0,90.0,other
650.0,3.0,112.0,112.0,other
550.0,2.0,72.0,84.0,Sukun
1500.0,3.0,250.0,91.0,Sukun
560.0,2.0,48.0,71.0,other
1600.0,6.0,400.0,143.0,Blimbing
1800.0,5.0,189.0,200.0,Sukun
1100.0,2.0,60.0,98.0,Sukun
1800.0,5.0,160.0,183.0,other
4000.0,6.0,256.0,345.0,other
2500.0,4.0,400.0,285.0,other
368.0,2.0,74.0,40.0,other
5500.0,4.0,300.0,435.0,other
2500.0,6.0,200.0,260.0,other
1725.0,4.0,150.0,140.0,Blimbing
3050.0,3.0,250.0,226.0,Lowokwaru
4000.0,3.0,360.0,266.0,Lowokwaru
975.0,3.0,66.0,96.0,Lowokwaru
449.0,3.0,65.0,60.0,other
3000.0,4.0,160.0,220.0,Sukun
2500.0,3.0,268.0,268.0,Lowokwaru
595.0,4.0,135.0,84.0,Sukun
2500.0,4.0,250.0,300.0,Blimbing
535.0,2.0,57.0,60.0,other
750.0,2.0,36.0,78.0,Sukun
2300.0,5.0,285.0,208.0,Blimbing
2500.0,3.0,150.0,236.0,other
900.0,3.0,93.0,49.0,other
2100.0,3.0,240.0,180.0,other
1100.0,4.0,148.0,197.0,Blimbing
5250.0,4.0,380.0,420.0,Sukun
395.0,2.0,55.0,65.0,other
2600.0,5.0,250.0,240.0,Blimbing
2200.0,4.0,130.0,145.0,Lowokwaru
6000.0,6.0,601.0,401.0,Blimbing
7000.0,2.0,511.0,511.0,other
2450.0,4.0,200.0,200.0,Blimbing
1800.0,4.0,180.0,200.0,Lowokwaru
875.0,2.0,140.0,74.0,Sukun
350.0,2.0,40.0,60.0,other
875.0,2.0,90.0,90.0,Blimbing
390.0,2.0,65.0,65.0,other
550.0,2.0,45.0,72.0,other
613.0,2.0,42.0,69.0,Lowokwaru
1950.0,4.0,150.0,216.0,Blimbing
1700.0,3.0,145.0,126.0,Blimbing
400.0,2.0,45.0,100.0,other
550.0,2.0,60.0,78.0,Sukun
550.0,2.0,60.0,84.0,Blimbing
2411.0,3.0,144.0,187.0,other
1100.0,2.0,47.0,96.0,Kedungkandang
650.0,2.0,50.0,80.0,other
2800.0,4.0,280.0,466.0,Blimbing
2000.0,3.0,200.0,240.0,Blimbing
425.0,2.0,54.0,72.0,Sukun
1200.0,5.0,140.0,125.0,Blimbing
400.0,2.0,75.0,75.0,Lowokwaru
525.0,2.0,45.0,92.0,other
2000.0,3.0,200.0,240.0,other
725.0,5.0,120.0,126.0,other
698.0,3.0,57.0,77.0,other
369.0,3.0,60.0,50.0,other
575.0,2.0,70.0,114.0,other
400.0,3.0,65.0,60.0,other
1800.0,5.0,170.0,200.0,other
2300.0,4.0,160.0,146.0,other
1295.0,3.0,120.0,126.0,Lowokwaru
2100.0,4.0,200.0,174.0,Lowokwaru
426.0625,2.0,39.0,60.0,Lowokwaru
850.0,2.0,70.0,90.0,Blimbing
1200.0,2.0,100.0,120.0,other
1100.0,4.0,90.0,117.0,Sukun
650.0,2.0,54.0,88.0,Blimbing
6300.0,6.0,450.0,375.0,Blimbing
587.0,2.0,50.0,71.0,other
5500.0,4.0,350.0,450.0,other
850.0,2.0,54.0,108.0,other
284.0,2.0,38.0,60.0,other
244.0,2.0,38.0,60.0,other
272.0,2.0,30.0,64.0,Kedungkandang
400.0,3.0,65.0,60.0,other
525.0,2.0,45.0,92.0,other
1800.0,3.0,200.0,160.0,other
290.0,2.0,25.0,70.0,other
350.0,2.0,36.0,72.0,Kedungkandang
200.0,2.0,30.0,66.0,Kedungkandang
4300.0,4.0,300.0,354.0,Klojen
860.0,3.0,77.0,99.0,other
900.0,3.0,80.0,70.0,other
3500.0,6.0,149.0,339.0,Sukun
1050.0,3.0,105.0,98.0,Blimbing
850.0,2.0,50.0,105.0,other
560.0,3.0,54.0,91.0,other
4000.0,4.0,400.0,450.0,other
850.0,3.0,166.0,83.0,other
992.0,2.0,75.0,92.0,Blimbing
200.0,2.0,30.0,60.0,Kedungkandang
180.6,2.0,30.0,60.0,other
2800.0,6.0,250.0,296.0,other
995.0,3.0,90.0,98.0,Blimbing
1300.0,2.0,50.0,90.0,Lowokwaru
229.0,2.0,40.0,72.0,other
399.0,2.0,50.0,72.0,other
304.0,2.0,45.0,84.0,other
600.0,2.0,50.0,60.0,other
1700.0,3.0,150.0,132.0,other
400.0,3.0,65.0,60.0,Blimbing
228.0,1.0,27.0,66.0,Lowokwaru
1300.0,3.0,130.0,125.0,Blimbing
505.0,2.0,60.0,143.0,Sukun
5200.0,5.0,375.0,418.0,other
800.0,2.0,75.0,75.0,Blimbing
1250.0,2.0,76.0,130.0,other
575.0,2.0,100.0,60.0,other
350.0,2.0,36.0,69.0,other
200.0,2.0,30.0,60.0,other
345.0,2.0,38.0,63.0,Sukun
1250.0,4.0,104.0,71.0,Lowokwaru
1600.0,5.0,111.0,180.0,other
595.0,2.0,84.0,84.0,other
500.0,2.0,60.0,72.0,other
850.0,3.0,166.0,83.0,other
992.0,2.0,75.0,92.0,Blimbing
500.0,2.0,40.0,72.0,other
2800.0,6.0,250.0,296.0,other
1300.0,2.0,50.0,90.0,Lowokwaru
375.0,2.0,40.0,90.0,other
689.0,2.0,45.0,84.0,Blimbing
680.0,2.0,45.0,72.0,other
950.0,3.0,200.0,84.0,Lowokwaru
4250.0,5.0,800.0,509.0,Klojen
404.0,2.0,48.0,66.0,Lowokwaru
228.0,1.0,27.0,66.0,Lowokwaru
505.0,2.0,60.0,143.0,Sukun
5200.0,5.0,375.0,418.0,other
435.0,2.0,50.0,83.0,Kedungkandang
800.0,2.0,75.0,75.0,Blimbing
1250.0,2.0,76.0,130.0,other
5500.0,3.0,350.0,450.0,Sukun
5200.0,4.0,410.0,375.0,Blimbing
420.0,2.0,84.0,84.0,other
850.0,3.0,60.0,60.0,Blimbing
345.0,2.0,38.0,63.0,Sukun
219.0,2.0,36.0,66.0,other
1299.0,3.0,102.0,91.0,Kedungkandang
500.0,2.0,60.0,72.0,other
625.0,2.0,45.0,105.0,other
683.0,2.0,60.0,69.0,other
300.0,2.0,38.0,60.0,other
595.0,2.0,61.0,73.0,other
3150.0,4.0,250.0,200.0,other
3300.0,5.0,174.0,388.0,Sukun
2000.0,3.0,160.0,131.0,Sukun
340.0,2.0,31.0,60.0,other
280.0,2.0,64.0,67.0,other
1200.0,3.0,50.0,131.0,other
950.0,3.0,200.0,84.0,Lowokwaru
404.0,2.0,48.0,66.0,Lowokwaru
880.0,3.0,90.0,102.0,Sukun
668.0,3.0,75.0,130.0,other
450.0,3.0,50.0,72.0,other
599.0,2.0,60.0,72.0,other
385.0,3.0,56.0,84.0,other
550.0,3.0,125.0,68.0,other
6500.0,6.0,385.0,500.0,other
675.0,3.0,90.0,123.0,Sukun
435.0,2.0,50.0,83.0,Kedungkandang
750.0,2.0,60.0,90.0,other
880.0,3.0,90.0,102.0,other
595.0,4.0,135.0,84.0,Klojen
5500.0,6.0,601.0,401.0,Lowokwaru
2100.0,4.0,113.0,240.0,Blimbing
3500.0,6.0,350.0,347.0,Lowokwaru
535.0,2.0,45.0,60.0,Lowokwaru
860.0,3.0,70.0,89.0,Blimbing
1650.0,3.0,130.0,200.0,Sukun
1250.0,3.0,75.0,106.0,Lowokwaru
1450.0,4.0,100.0,150.0,Sukun
1200.0,3.0,80.0,155.0,Blimbing
650.0,2.0,70.0,95.0,Blimbing
1000.0,2.0,70.0,84.0,Blimbing
1900.0,3.0,80.0,154.0,Lowokwaru
1250.0,4.0,315.0,150.0,Sukun
950.0,3.0,102.0,91.0,Blimbing
1400.0,4.0,225.0,200.0,Blimbing
1250.0,3.0,100.0,112.0,other
4500.0,5.0,484.0,484.0,Blimbing
610.0,2.0,40.0,72.0,Lowokwaru
1150.0,4.0,270.0,100.0,other
1300.0,3.0,100.0,135.0,Blimbing
1750.0,3.0,101.0,198.0,Sukun
2100.0,4.0,200.0,400.0,Lowokwaru
1500.0,3.0,210.0,285.0,other
3900.0,4.0,300.0,500.0,other
1000.0,4.0,140.0,133.0,Lowokwaru
1450.0,3.0,150.0,190.0,Sukun
2150.0,3.0,190.0,150.0,Blimbing
700.0,2.0,48.0,66.0,Lowokwaru
775.0,3.0,96.0,96.0,Blimbing
850.0,2.0,70.0,84.0,Blimbing
4000.0,6.0,250.0,553.0,other
4000.0,4.0,340.0,266.0,Blimbing
7000.0,5.0,400.0,695.0,Klojen
3200.0,3.0,150.0,247.0,other
1700.0,2.0,100.0,153.0,Blimbing
2500.0,4.0,300.0,165.0,Lowokwaru
950.0,2.0,70.0,98.0,Lowokwaru
749.0,2.0,69.0,103.0,Lowokwaru
1250.0,4.0,315.0,150.0,Sukun
2900.0,5.0,220.0,265.0,Sukun
950.0,3.0,102.0,91.0,Blimbing
3000.0,3.0,70.0,211.0,Lowokwaru
7000.0,5.0,350.0,400.0,Sukun
425.0,2.0,60.0,78.0,Sukun
1500.0,3.0,90.0,135.0,other
1500.0,3.0,185.0,148.0,Sukun
5500.0,4.0,226.0,448.0,other
7800.0,5.0,600.0,539.0,other
650.0,2.0,70.0,70.0,Blimbing
785.0,3.0,95.0,105.0,Lowokwaru
1800.0,6.0,300.0,230.0,Lowokwaru
1200.0,3.0,105.0,84.0,Lowokwaru
350.0,2.0,40.0,66.0,Kedungkandang
490.0,2.0,50.0,78.0,other
790.0,2.0,60.0,74.0,Blimbing
250.0,2.0,36.0,60.0,other
450.0,2.0,50.0,60.0,other
3000.0,3.0,242.0,453.0,other
900.0,3.0,100.0,334.0,other
225.0,2.0,36.0,60.0,other
6500.0,5.0,400.0,695.0,other
3100.0,3.0,150.0,296.0,other
399.5,2.0,45.0,60.0,other
1400.0,3.0,122.0,96.0,other
585.0,2.0,42.0,70.0,Lowokwaru
1500.0,3.0,110.0,135.0,Lowokwaru
1600.0,4.0,200.0,130.0,Blimbing
385.0,3.0,99.0,99.0,other
4000.0,5.0,474.0,300.0,Blimbing
1300.0,5.0,220.0,195.0,Lowokwaru
1400.0,3.0,100.0,128.0,other
1900.0,3.0,80.0,154.0,Lowokwaru
850.0,3.0,69.0,84.0,Lowokwaru
650.0,1.0,50.0,72.0,other
299.0,2.0,36.0,60.0,other
259.0,2.0,40.0,72.0,other
1800.0,3.0,110.0,200.0,other
2000.0,4.0,198.0,213.0,Klojen
790.0,2.0,57.0,74.0,Blimbing
499.0,3.0,65.0,67.0,other
975.0,2.0,85.0,108.0,other
750.0,2.0,36.0,93.0,other
679.0,2.0,70.0,50.0,Blimbing
237.25,2.0,25.0,60.0,Sukun
585.0,2.0,42.0,70.0,Lowokwaru
1500.0,3.0,110.0,135.0,Lowokwaru
2500.0,3.0,180.0,162.0,Lowokwaru
567.0,2.0,42.0,69.0,Lowokwaru
275.0,2.0,40.0,72.0,other
3000.0,4.0,240.0,272.0,Kedungkandang
510.0,3.0,45.0,86.0,Blimbing
1400.0,3.0,100.0,128.0,other
950.0,4.0,170.0,84.0,Lowokwaru
1800.0,6.0,100.0,150.0,other
1100.0,4.0,120.0,135.0,Blimbing
850.0,3.0,69.0,84.0,Lowokwaru
2100.0,3.0,150.0,225.0,Blimbing
2580.0,4.0,260.0,157.0,Lowokwaru
1300.0,4.0,128.0,168.0,Sukun
1350.0,2.0,65.0,198.0,Sukun
3297.0,3.0,198.0,224.0,other
2600.0,6.0,150.0,215.0,Klojen
230.0,2.0,30.0,60.0,other
435.0,2.0,45.0,72.0,Lowokwaru
875.0,2.0,116.0,116.0,other
1800.0,4.0,160.0,216.0,Klojen
3000.0,3.0,242.0,453.0,other
225.0,2.0,36.0,60.0,other
975.0,5.0,250.0,126.0,other
2300.0,4.0,250.0,155.0,Lowokwaru
399.0,2.0,42.0,66.0,Kedungkandang
380.0,3.0,50.0,72.0,other
1600.0,4.0,200.0,130.0,Blimbing
570.0,4.0,100.0,81.0,Sukun
385.0,3.0,99.0,99.0,other
2400.0,4.0,244.0,158.0,Klojen
1300.0,5.0,220.0,195.0,Lowokwaru
180.0,2.0,40.0,60.0,Kedungkandang
1000.0,5.0,130.0,150.0,Lowokwaru
565.0,2.0,36.0,83.0,Lowokwaru
6300.0,5.0,450.0,375.0,Blimbing
2500.0,4.0,300.0,161.0,Blimbing
299.0,2.0,36.0,60.0,other
259.0,2.0,40.0,72.0,other
1800.0,3.0,110.0,200.0,other
4000.0,5.0,474.0,300.0,Blimbing
499.0,3.0,65.0,67.0,other
975.0,2.0,85.0,108.0,other
1500.0,4.0,230.0,190.0,other
319.0,2.0,65.0,65.0,other
185.0,2.0,36.0,72.0,other
430.0,3.0,94.0,94.0,other
193.0,2.0,36.0,75.0,other
250.0,2.0,36.0,66.0,other
850.0,2.0,70.0,100.0,Sukun
500.0,2.0,72.0,72.0,other
795.0,3.0,75.0,89.0,Blimbing
800.0,2.0,75.0,75.0,Blimbing
550.0,4.0,73.0,73.0,other
1050.0,3.0,140.0,172.0,other
550.0,2.0,48.0,84.0,other
2900.0,4.0,200.0,294.0,Sukun
2800.0,6.0,360.0,250.0,Lowokwaru
400.0,3.0,57.0,68.0,other
700.0,4.0,160.0,104.0,other
1350.0,3.0,90.0,72.0,other
4000.0,5.0,450.0,375.0,other
3300.0,5.0,156.0,450.0,other
1600.0,3.0,90.0,201.0,other
850.0,2.0,62.0,62.0,Lowokwaru
336.0,2.0,38.0,78.0,other
1250.0,2.0,95.0,153.0,other
350.0,2.0,25.0,107.0,other
550.0,3.0,50.0,50.0,Lowokwaru
980.0,5.0,130.0,98.0,Sukun
850.0,2.0,110.0,112.0,Sukun
977.0,3.0,111.0,80.0,Sukun
670.0,3.0,70.0,91.0,other
1200.0,2.0,105.0,162.0,Lowokwaru
900.0,3.0,81.0,84.0,Sukun
2000.0,6.0,200.0,198.0,Blimbing
800.0,2.0,45.0,116.0,Blimbing
7900.0,5.0,421.0,630.0,Blimbing
600.0,1.0,50.0,80.0,Lowokwaru
3000.0,4.0,200.0,216.0,other
2000.0,3.0,200.0,240.0,other
4300.0,4.0,250.0,280.0,other
1700.0,6.0,180.0,118.0,Blimbing
5500.0,5.0,280.0,407.0,Lowokwaru
669.0,2.0,60.0,74.0,Lowokwaru
495.0,2.0,50.0,100.0,other
1200.0,2.0,110.0,135.0,Lowokwaru
450.0,3.0,75.0,75.0,other
750.0,5.0,162.0,81.0,Sukun
1250.0,2.0,150.0,409.0,Lowokwaru
1800.0,5.0,200.0,159.0,Lowokwaru
950.0,3.0,80.0,129.0,Lowokwaru
1200.0,3.0,105.0,84.0,Lowokwaru
1350.0,4.0,125.0,117.0,Blimbing
850.0,4.0,120.0,102.0,Blimbing
7000.0,5.0,750.0,546.0,Blimbing
1550.0,4.0,155.0,155.0,Sukun
160.0,2.0,30.0,30.0,Sukun
1600.0,4.0,125.0,98.0,Blimbing
349.0,3.0,50.0,60.0,Kedungkandang
5500.0,6.0,295.0,360.0,Blimbing
2500.0,4.0,300.0,161.0,Lowokwaru
675.0,3.0,160.0,350.0,other
1150.0,2.0,51.0,112.0,other
1200.0,3.0,100.0,120.0,other
3600.0,5.0,500.0,350.0,Blimbing
150.0,2.0,25.0,60.0,other
225.0,2.0,60.0,41.0,other
900.0,4.0,150.0,141.0,other
1500.0,5.0,225.0,250.0,other
950.0,3.0,135.0,102.0,Blimbing
450.0,4.0,108.0,108.0,other
800.0,2.0,112.0,112.0,Kedungkandang
6800.0,4.0,510.0,430.0,Klojen
795.0,2.0,83.0,70.0,other
295.0,2.0,36.0,72.0,other
2300.0,4.0,178.0,148.0,Klojen
2900.0,5.0,180.0,236.0,Blimbing
485.0,2.0,45.0,72.0,other
850.0,3.0,73.0,92.0,Blimbing
400.0,2.0,45.0,66.0,Kedungkandang
950.0,4.0,105.0,87.0,Sukun
975.0,3.0,130.0,140.0,Blimbing
